1392511500,02-15-2014 19:45:00 GMT-05:00,5.45E-04,68,87.8,0,0
1392511560,02-15-2014 19:46:00 GMT-05:00,5.53E-04,68,88.1,0,0
1392511620,02-15-2014 19:47:00 GMT-05:00,5.46E-04,68,88.3,0,0
1392511680,02-15-2014 19:48:00 GMT-05:00,5.55E-04,67,88.7,0,0
1392511740,02-15-2014 19:49:00 GMT-05:00,5.54E-04,68,89,0,0
1392511800,02-15-2014 19:50:00 GMT-05:00,5.57E-04,67,89.4,0,0
1392511860,02-15-2014 19:51:00 GMT-05:00,5.61E-04,69,89.7,0,0
1392511920,02-15-2014 19:52:00 GMT-05:00,5.65E-04,78,90.1,0,0
1392511980,02-15-2014 19:53:00 GMT-05:00,5.70E-04,71,90.5,0,0
1392512040,02-15-2014 19:54:00 GMT-05:00,5.67E-04,68,90.8,0,0
1392512100,02-15-2014 19:55:00 GMT-05:00,5.75E-04,69,91.1,0,0
1392512160,02-15-2014 19:56:00 GMT-05:00,5.67E-04,71,91.3,0,0
1392512220,02-15-2014 19:57:00 GMT-05:00,5.68E-04,69,91.6,0,0
1392512280,02-15-2014 19:58:00 GMT-05:00,5.76E-04,71,91.8,0,0
1392512340,02-15-2014 19:59:00 GMT-05:00,5.89E-04,74,91.9,0,0
1392512400,02-15-2014 20:00:00 GMT-05:00,5.74E-04,71,92.1,0,0
1392512460,02-15-2014 20:01:00 GMT-05:00,5.72E-04,71,92.3,0,0
1392512520,02-15-2014 20:02:00 GMT-05:00,5.75E-04,71,92.4,0,0
1392512580,02-15-2014 20:03:00 GMT-05:00,5.81E-04,71,92.7,0,0
1392512640,02-15-2014 20:04:00 GMT-05:00,5.76E-04,71,92.8,106,0
1392512700,02-15-2014 20:05:00 GMT-05:00,5.92E-04,71,92.8,0,0
1392512760,02-15-2014 20:06:00 GMT-05:00,5.81E-04,71,92.8,0,0
1392512820,02-15-2014 20:07:00 GMT-05:00,5.88E-04,71,92.7,0,0
1392512880,02-15-2014 20:08:00 GMT-05:00,5.89E-04,71,92.4,0,0
1392512940,02-15-2014 20:09:00 GMT-05:00,5.82E-04,71,92.2,0,0
1392513000,02-15-2014 20:10:00 GMT-05:00,5.78E-04,71,91.9,0,0
1392513060,02-15-2014 20:11:00 GMT-05:00,5.76E-04,71,91.7,77,0
1392513120,02-15-2014 20:12:00 GMT-05:00,5.83E-04,71,91.6,94,0
1392513180,02-15-2014 20:13:00 GMT-05:00,5.77E-04,71,91.5,104,0
1392513240,02-15-2014 20:14:00 GMT-05:00,5.71E-04,71,91.4,90,0
1392513300,02-15-2014 20:15:00 GMT-05:00,5.83E-04,71,91.1,113,0
1392513360,02-15-2014 20:16:00 GMT-05:00,5.57E-04,71,90.8,117,0
1392513420,02-15-2014 20:17:00 GMT-05:00,5.49E-04,71,90.4,112,0
1392513480,02-15-2014 20:18:00 GMT-05:00,5.74E-04,71,90.1,83,0
1392513540,02-15-2014 20:19:00 GMT-05:00,5.77E-04,71,89.7,0,0
1392513600,02-15-2014 20:20:00 GMT-05:00,5.83E-04,71,89.4,0,0
1392513660,02-15-2014 20:21:00 GMT-05:00,5.79E-04,71,89.1,0,0
1392513720,02-15-2014 20:22:00 GMT-05:00,5.80E-04,51,88.9,0,0
1392513780,02-15-2014 20:23:00 GMT-05:00,5.84E-04,51,88.6,0,0
1392513840,02-15-2014 20:24:00 GMT-05:00,5.94E-04,51,88.3,82,0
1392513900,02-15-2014 20:25:00 GMT-05:00,5.85E-04,51,88.2,74,0
1392513960,02-15-2014 20:26:00 GMT-05:00,5.87E-04,51,88,108,0
1392514020,02-15-2014 20:27:00 GMT-05:00,5.75E-04,51,87.8,27,0
1392514080,02-15-2014 20:28:00 GMT-05:00,5.79E-04,59,87.6,16,0
1392514140,02-15-2014 20:29:00 GMT-05:00,5.73E-04,59,87.4,4,0
1392514200,02-15-2014 20:30:00 GMT-05:00,5.65E-04,75,87.4,58,0
1392514260,02-15-2014 20:31:00 GMT-05:00,5.68E-04,54,87.5,39,0
1392514320,02-15-2014 20:32:00 GMT-05:00,5.66E-04,54,87.5,52,0
1392514380,02-15-2014 20:33:00 GMT-05:00,5.71E-04,54,87,28,0
1392514440,02-15-2014 20:34:00 GMT-05:00,5.65E-04,54,86.7,81,0
1392514500,02-15-2014 20:35:00 GMT-05:00,5.66E-04,54,86.4,0,0
1392514560,02-15-2014 20:36:00 GMT-05:00,5.62E-04,54,86.1,0,0
1392514620,02-15-2014 20:37:00 GMT-05:00,5.62E-04,83,86.2,0,0
1392514680,02-15-2014 20:38:00 GMT-05:00,5.65E-04,80,86.5,0,0
1392514740,02-15-2014 20:39:00 GMT-05:00,5.64E-04,84,86.5,0,0
1392514800,02-15-2014 20:40:00 GMT-05:00,5.62E-04,83,86.5,0,0
1392514860,02-15-2014 20:41:00 GMT-05:00,5.69E-04,79,86.5,0,0
1392514920,02-15-2014 20:42:00 GMT-05:00,5.60E-04,79,86.7,0,0
1392514980,02-15-2014 20:43:00 GMT-05:00,5.71E-04,79,86.7,0,0
1392515040,02-15-2014 20:44:00 GMT-05:00,5.56E-04,79,86.5,0,0
1392515100,02-15-2014 20:45:00 GMT-05:00,5.61E-04,94,86.5,0,0
1392515160,02-15-2014 20:46:00 GMT-05:00,5.67E-04,94,86.5,0,0
1392515220,02-15-2014 20:47:00 GMT-05:00,5.43E-04,71,86.5,0,0
1392515280,02-15-2014 20:48:00 GMT-05:00,6.00E-04,79,86.7,0,0
1392515340,02-15-2014 20:49:00 GMT-05:00,5.92E-04,79,86.7,0,0
1392515400,02-15-2014 20:50:00 GMT-05:00,5.55E-04,84,86.7,0,0
1392515460,02-15-2014 20:51:00 GMT-05:00,6.00E-04,52,86.7,0,0
1392515520,02-15-2014 20:52:00 GMT-05:00,6.02E-04,79,86.9,0,0
1392515580,02-15-2014 20:53:00 GMT-05:00,5.67E-04,78,87.1,0,0
1392515640,02-15-2014 20:54:00 GMT-05:00,5.92E-04,78,87.3,0,0
1392515700,02-15-2014 20:55:00 GMT-05:00,5.87E-04,78,87.4,0,0
1392515760,02-15-2014 20:56:00 GMT-05:00,5.88E-04,78,87.6,19,0
1392515820,02-15-2014 20:57:00 GMT-05:00,5.70E-04,78,87.6,60,0
1392515880,02-15-2014 20:58:00 GMT-05:00,5.96E-04,78,87.6,11,0
1392515940,02-15-2014 20:59:00 GMT-05:00,6.35E-04,78,87.6,37,0
1392516000,02-15-2014 21:00:00 GMT-05:00,5.84E-04,78,87.4,2,0
1392516060,02-15-2014 21:01:00 GMT-05:00,5.92E-04,78,87.3,20,0
1392516120,02-15-2014 21:02:00 GMT-05:00,6.00E-04,78,87,0,0
1392516180,02-15-2014 21:03:00 GMT-05:00,6.08E-04,78,86.7,0,0
1392516240,02-15-2014 21:04:00 GMT-05:00,5.86E-04,63,86.4,0,0
1392516300,02-15-2014 21:05:00 GMT-05:00,6.06E-04,63,86,0,0
1392516360,02-15-2014 21:06:00 GMT-05:00,6.03E-04,63,85.5,0,0
1392516420,02-15-2014 21:07:00 GMT-05:00,5.84E-04,63,85.1,45,0
1392516480,02-15-2014 21:08:00 GMT-05:00,5.88E-04,63,84.8,0,0
1392516540,02-15-2014 21:09:00 GMT-05:00,5.66E-04,63,84.7,0,0
1392516600,02-15-2014 21:10:00 GMT-05:00,5.80E-04,63,84.9,0,0
1392516660,02-15-2014 21:11:00 GMT-05:00,5.78E-04,63,85.2,0,0
1392516720,02-15-2014 21:12:00 GMT-05:00,4.90E-04,63,85.4,0,0
1392516780,02-15-2014 21:13:00 GMT-05:00,5.90E-04,53,85.5,0,0
1392516840,02-15-2014 21:14:00 GMT-05:00,5.85E-04,53,85.6,0,0
1392516900,02-15-2014 21:15:00 GMT-05:00,5.75E-04,53,85.8,0,0
1392516960,02-15-2014 21:16:00 GMT-05:00,5.86E-04,53,86.1,0,0
1392517020,02-15-2014 21:17:00 GMT-05:00,5.77E-04,53,86.1,0,0
1392517080,02-15-2014 21:18:00 GMT-05:00,5.89E-04,70,86.2,0,0
1392517140,02-15-2014 21:19:00 GMT-05:00,5.84E-04,64,86.1,0,0
1392517200,02-15-2014 21:20:00 GMT-05:00,5.94E-04,83,86,0,0
1392517260,02-15-2014 21:21:00 GMT-05:00,5.95E-04,83,85.9,0,1
1392517320,02-15-2014 21:22:00 GMT-05:00,6.08E-04,83,86,0,1
1392517380,02-15-2014 21:23:00 GMT-05:00,6.07E-04,83,85.8,0,1
1392517440,02-15-2014 21:24:00 GMT-05:00,6.02E-04,83,85.9,0,2
1392517500,02-15-2014 21:25:00 GMT-05:00,5.83E-04,83,86,0,2
1392517560,02-15-2014 21:26:00 GMT-05:00,6.04E-04,75,86.2,0,2
1392517620,02-15-2014 21:27:00 GMT-05:00,5.48E-04,75,86.4,0,2
1392517680,02-15-2014 21:28:00 GMT-05:00,6.08E-04,75,86.3,0,2
1392517740,02-15-2014 21:29:00 GMT-05:00,5.89E-04,75,86.3,53,2
1392517800,02-15-2014 21:30:00 GMT-05:00,5.78E-04,75,86.5,0,2
1392517860,02-15-2014 21:31:00 GMT-05:00,5.91E-04,75,86.5,0,2
1392517920,02-15-2014 21:32:00 GMT-05:00,5.87E-04,74,86.7,0,2
1392517980,02-15-2014 21:33:00 GMT-05:00,5.70E-04,86,86.7,0,2
1392518040,02-15-2014 21:34:00 GMT-05:00,5.65E-04,86,86.7,0,2
1392518100,02-15-2014 21:35:00 GMT-05:00,5.93E-04,86,86.8,0,2
1392518160,02-15-2014 21:36:00 GMT-05:00,5.89E-04,86,86.9,0,3
1392518220,02-15-2014 21:37:00 GMT-05:00,6.00E-04,86,86.9,0,3
1392518280,02-15-2014 21:38:00 GMT-05:00,5.97E-04,86,86.9,0,3
1392518340,02-15-2014 21:39:00 GMT-05:00,5.96E-04,86,86.7,0,3
1392518400,02-15-2014 21:40:00 GMT-05:00,5.91E-04,86,86.7,0,3
1392518460,02-15-2014 21:41:00 GMT-05:00,5.87E-04,86,86.7,0,3
1392518520,02-15-2014 21:42:00 GMT-05:00,5.97E-04,86,86.7,0,3
1392518580,02-15-2014 21:43:00 GMT-05:00,5.97E-04,86,86.7,0,3
1392518640,02-15-2014 21:44:00 GMT-05:00,5.90E-04,79,86.9,0,3
1392518700,02-15-2014 21:45:00 GMT-05:00,5.90E-04,80,86.9,0,3
1392518760,02-15-2014 21:46:00 GMT-05:00,5.97E-04,80,86.9,0,3
1392518820,02-15-2014 21:47:00 GMT-05:00,5.97E-04,80,87,0,3
1392518880,02-15-2014 21:48:00 GMT-05:00,6.06E-04,76,87.1,0,3
1392518940,02-15-2014 21:49:00 GMT-05:00,5.97E-04,77,87.1,0,4
1392519000,02-15-2014 21:50:00 GMT-05:00,6.08E-04,58,87.3,0,4
1392519060,02-15-2014 21:51:00 GMT-05:00,5.94E-04,58,87.4,75,4
1392519120,02-15-2014 21:52:00 GMT-05:00,5.94E-04,58,87.4,0,4
1392519180,02-15-2014 21:53:00 GMT-05:00,5.98E-04,58,87.1,53,4
1392519240,02-15-2014 21:54:00 GMT-05:00,6.29E-04,58,87.3,10,4
1392519300,02-15-2014 21:55:00 GMT-05:00,6.00E-04,58,87.4,0,4
1392519360,02-15-2014 21:56:00 GMT-05:00,6.04E-04,58,87.3,0,4
1392519420,02-15-2014 21:57:00 GMT-05:00,6.27E-04,58,87.3,0,4
1392519480,02-15-2014 21:58:00 GMT-05:00,6.49E-04,58,87.4,10,4
1392519540,02-15-2014 21:59:00 GMT-05:00,6.63E-04,52,87.4,44,4
1392519600,02-15-2014 22:00:00 GMT-05:00,6.81E-04,58,87.4,0,5
1392519660,02-15-2014 22:01:00 GMT-05:00,7.57E-04,68,87.4,0,5
1392519720,02-15-2014 22:02:00 GMT-05:00,7.05E-04,73,87.6,0,5
1392519780,02-15-2014 22:03:00 GMT-05:00,7.24E-04,67,87.6,0,5
1392519840,02-15-2014 22:04:00 GMT-05:00,6.92E-04,57,87.6,0,6
1392519900,02-15-2014 22:05:00 GMT-05:00,7.18E-04,67,87.8,0,6
1392519960,02-15-2014 22:06:00 GMT-05:00,6.42E-04,74,87.8,0,6
1392520020,02-15-2014 22:07:00 GMT-05:00,7.00E-04,94,87.8,0,6
1392520080,02-15-2014 22:08:00 GMT-05:00,6.99E-04,60,87.8,0,6
1392520140,02-15-2014 22:09:00 GMT-05:00,7.00E-04,95,87.8,0,6
1392520200,02-15-2014 22:10:00 GMT-05:00,6.66E-04,95,87.8,0,6
1392520260,02-15-2014 22:11:00 GMT-05:00,7.02E-04,86,88,0,7
1392520320,02-15-2014 22:12:00 GMT-05:00,6.96E-04,70,88,0,7
1392520380,02-15-2014 22:13:00 GMT-05:00,7.06E-04,77,88.2,0,7
1392520440,02-15-2014 22:14:00 GMT-05:00,8.56E-04,71,88.3,40,7
1392520500,02-15-2014 22:15:00 GMT-05:00,0.00141,74,88.5,0,7
1392520560,02-15-2014 22:16:00 GMT-05:00,6.32E-04,77,88.5,0,7
1392520620,02-15-2014 22:17:00 GMT-05:00,6.74E-04,90,88.6,0,7
1392520680,02-15-2014 22:18:00 GMT-05:00,6.43E-04,90,88.7,0,7
1392520740,02-15-2014 22:19:00 GMT-05:00,6.41E-04,90,88.8,23,7
1392520800,02-15-2014 22:20:00 GMT-05:00,6.52E-04,71,89.1,18,7
1392520860,02-15-2014 22:21:00 GMT-05:00,6.47E-04,97,89.2,0,7
1392520920,02-15-2014 22:22:00 GMT-05:00,7.37E-04,102,89.4,0,7
1392520980,02-15-2014 22:23:00 GMT-05:00,8.40E-04,102,89.6,0,7
1392521040,02-15-2014 22:24:00 GMT-05:00,7.46E-04,102,89.9,0,7
1392521100,02-15-2014 22:25:00 GMT-05:00,8.34E-04,102,90,0,7
1392521160,02-15-2014 22:26:00 GMT-05:00,0.00119,102,90.2,44,7
1392521220,02-15-2014 22:27:00 GMT-05:00,0.00122,102,90.3,0,7
1392521280,02-15-2014 22:28:00 GMT-05:00,0.0012,68,90.3,0,7
1392521340,02-15-2014 22:29:00 GMT-05:00,0.00122,68,90.3,34,8
1392521400,02-15-2014 22:30:00 GMT-05:00,0.00156,71,90.3,0,8
1392521460,02-15-2014 22:31:00 GMT-05:00,0.00215,71,90.5,0,8
1392521520,02-15-2014 22:32:00 GMT-05:00,0.00394,71,90.5,0,8
1392521580,02-15-2014 22:33:00 GMT-05:00,0.00983,71,90.7,0,8
1392521640,02-15-2014 22:34:00 GMT-05:00,0.00863,71,90.7,0,9
1392521700,02-15-2014 22:35:00 GMT-05:00,0.00797,71,90.8,0,9
1392521760,02-15-2014 22:36:00 GMT-05:00,0.0104,71,90.7,0,9
1392521820,02-15-2014 22:37:00 GMT-05:00,0.00902,71,90.6,0,9
1392521880,02-15-2014 22:38:00 GMT-05:00,0.00845,71,90.3,0,9
1392521940,02-15-2014 22:39:00 GMT-05:00,0.00667,71,89.9,0,9
1392522000,02-15-2014 22:40:00 GMT-05:00,0.00551,71,89.3,0,9
1392522060,02-15-2014 22:41:00 GMT-05:00,0.00517,71,88.8,0,9
1392522120,02-15-2014 22:42:00 GMT-05:00,0.00464,71,88.2,0,9
1392522180,02-15-2014 22:43:00 GMT-05:00,0.00628,71,87.6,63,9
1392522240,02-15-2014 22:44:00 GMT-05:00,0.00577,71,87.2,0,9
1392522300,02-15-2014 22:45:00 GMT-05:00,0.00611,71,87,0,9
1392522360,02-15-2014 22:46:00 GMT-05:00,0.00554,71,86.6,26,9
1392522420,02-15-2014 22:47:00 GMT-05:00,0.00483,71,86.5,11,9
1392522480,02-15-2014 22:48:00 GMT-05:00,0.00424,71,86.5,0,9
1392522540,02-15-2014 22:49:00 GMT-05:00,0.00385,72,86.4,0,9
1392522600,02-15-2014 22:50:00 GMT-05:00,0.00413,54,86.5,0,9
1392522660,02-15-2014 22:51:00 GMT-05:00,0.00388,56,86.5,0,9
1392522720,02-15-2014 22:52:00 GMT-05:00,0.00349,56,86.5,0,9
1392522780,02-15-2014 22:53:00 GMT-05:00,0.00354,56,86.7,0,9
1392522840,02-15-2014 22:54:00 GMT-05:00,0.00336,58,86.8,0,9
1392522900,02-15-2014 22:55:00 GMT-05:00,0.00321,70,87,0,9
1392522960,02-15-2014 22:56:00 GMT-05:00,0.00322,71,87.1,0,9
1392523020,02-15-2014 22:57:00 GMT-05:00,0.00298,71,87.2,0,9
1392523080,02-15-2014 22:58:00 GMT-05:00,0.00279,71,87.4,0,9
1392523140,02-15-2014 22:59:00 GMT-05:00,0.003,71,87.5,0,9
1392523200,02-15-2014 23:00:00 GMT-05:00,0.00283,64,87.7,0,9
1392523260,02-15-2014 23:01:00 GMT-05:00,0.00199,64,87.9,0,9
1392523320,02-15-2014 23:02:00 GMT-05:00,0.00264,64,88.2,0,9
1392523380,02-15-2014 23:03:00 GMT-05:00,0.00283,64,88.6,0,9
1392523440,02-15-2014 23:04:00 GMT-05:00,0.00263,64,88.9,0,9
1392523500,02-15-2014 23:05:00 GMT-05:00,0.00271,64,89.2,0,9
1392523560,02-15-2014 23:06:00 GMT-05:00,0.00265,88,89.5,0,10
1392523620,02-15-2014 23:07:00 GMT-05:00,0.00258,53,89.7,0,10
1392523680,02-15-2014 23:08:00 GMT-05:00,0.00265,116,89.9,0,10
1392523740,02-15-2014 23:09:00 GMT-05:00,0.0026,113,90.2,0,10
1392523800,02-15-2014 23:10:00 GMT-05:00,0.0028,113,90.5,0,10
1392523860,02-15-2014 23:11:00 GMT-05:00,0.0032,113,90.8,0,10
1392523920,02-15-2014 23:12:00 GMT-05:00,0.00304,113,91.1,0,10
1392523980,02-15-2014 23:13:00 GMT-05:00,0.00309,113,91.4,0,10
1392524040,02-15-2014 23:14:00 GMT-05:00,0.00311,113,91.5,0,10
1392524100,02-15-2014 23:15:00 GMT-05:00,0.003,113,91.6,0,10
1392524160,02-15-2014 23:16:00 GMT-05:00,0.00297,53,91.7,0,10
1392524220,02-15-2014 23:17:00 GMT-05:00,0.00293,112,91.9,0,10
1392524280,02-15-2014 23:18:00 GMT-05:00,0.00288,91,91.9,34,11
1392524340,02-15-2014 23:19:00 GMT-05:00,0.00359,91,92.2,107,11
1392524400,02-15-2014 23:20:00 GMT-05:00,0.00356,91,92.4,0,11
1392524460,02-15-2014 23:21:00 GMT-05:00,0.00362,91,92.5,0,11
1392524520,02-15-2014 23:22:00 GMT-05:00,0.0036,91,92.7,15,11
1392524580,02-15-2014 23:23:00 GMT-05:00,0.0038,91,92.8,61,11
1392524640,02-15-2014 23:24:00 GMT-05:00,0.00409,113,92.9,13,11
1392524700,02-15-2014 23:25:00 GMT-05:00,0.00552,113,93,0,11
1392524760,02-15-2014 23:26:00 GMT-05:00,0.0058,113,93.2,0,11
1392524820,02-15-2014 23:27:00 GMT-05:00,0.00836,111,93.3,0,11
1392524880,02-15-2014 23:28:00 GMT-05:00,0.0179,111,93.4,0,11
1392524940,02-15-2014 23:29:00 GMT-05:00,0.0661,111,93.6,0,11
1392525000,02-15-2014 23:30:00 GMT-05:00,0.178,111,93.6,0,11
1392525060,02-15-2014 23:31:00 GMT-05:00,0.369,111,93.8,0,11
1392525120,02-15-2014 23:32:00 GMT-05:00,0.564,71,93.9,0,11
1392525180,02-15-2014 23:33:00 GMT-05:00,0.611,71,93.9,0,12
1392525240,02-15-2014 23:34:00 GMT-05:00,0.629,71,93.9,0,12
1392525300,02-15-2014 23:35:00 GMT-05:00,0.728,108,93.8,0,12
1392525360,02-15-2014 23:36:00 GMT-05:00,0.795,52,93.7,0,12
1392525420,02-15-2014 23:37:00 GMT-05:00,0.798,68,93.6,0,12
1392525480,02-15-2014 23:38:00 GMT-05:00,0.932,68,93.6,0,12
1392525540,02-15-2014 23:39:00 GMT-05:00,1.01,107,93.6,0,13
1392525600,02-15-2014 23:40:00 GMT-05:00,0.959,74,93.5,0,13
1392525660,02-15-2014 23:41:00 GMT-05:00,1.04,74,93.4,0,13
1392525720,02-15-2014 23:42:00 GMT-05:00,0.991,74,93.5,0,13
1392525780,02-15-2014 23:43:00 GMT-05:00,0.975,74,93.6,47,13
1392525840,02-15-2014 23:44:00 GMT-05:00,0.96,74,93.6,42,14
1392525900,02-15-2014 23:45:00 GMT-05:00,0.836,74,93.6,93,14
1392525960,02-15-2014 23:46:00 GMT-05:00,0.735,107,93.6,0,14
1392526020,02-15-2014 23:47:00 GMT-05:00,0.756,107,93.6,0,14
1392526080,02-15-2014 23:48:00 GMT-05:00,0.698,107,93.6,0,14
1392526140,02-15-2014 23:49:00 GMT-05:00,0.651,111,93.6,0,14
1392526200,02-15-2014 23:50:00 GMT-05:00,0.669,111,93.6,0,14
1392526260,02-15-2014 23:51:00 GMT-05:00,0.696,107,93.6,0,14
1392526320,02-15-2014 23:52:00 GMT-05:00,0.769,107,93.6,64,15
1392526380,02-15-2014 23:53:00 GMT-05:00,0.842,107,93.6,37,15
1392526440,02-15-2014 23:54:00 GMT-05:00,1.03,124,93.6,106,15
1392526500,02-15-2014 23:55:00 GMT-05:00,1.27,124,93.6,0,15
1392526560,02-15-2014 23:56:00 GMT-05:00,1.52,120,93.6,0,15
1392526620,02-15-2014 23:57:00 GMT-05:00,1.78,120,93.6,0,15
1392526680,02-15-2014 23:58:00 GMT-05:00,1.9,120,93.6,0,15
1392526740,02-15-2014 23:59:00 GMT-05:00,1.93,113,93.7,0,15
1392526800,02-16-2014 00:00:00 GMT-05:00,1.95,109,93.9,0,16
1392526860,02-16-2014 00:01:00 GMT-05:00,2.04,113,93.9,38,16
1392526920,02-16-2014 00:02:00 GMT-05:00,2.18,113,93.9,25,16
1392526980,02-16-2014 00:03:00 GMT-05:00,2.18,113,94,16,16
1392527040,02-16-2014 00:04:00 GMT-05:00,2.35,113,94.1,11,16
1392527100,02-16-2014 00:05:00 GMT-05:00,2.55,113,94.1,13,16
1392527160,02-16-2014 00:06:00 GMT-05:00,2.77,113,94.1,18,16
1392527220,02-16-2014 00:07:00 GMT-05:00,3.25,113,94.1,0,16
1392527280,02-16-2014 00:08:00 GMT-05:00,3.4,113,94.1,0,17
1392527340,02-16-2014 00:09:00 GMT-05:00,3.51,120,94.3,0,17
1392527400,02-16-2014 00:10:00 GMT-05:00,4.48,120,94.3,0,17
1392527460,02-16-2014 00:11:00 GMT-05:00,5.03,120,94.3,0,17
1392527520,02-16-2014 00:12:00 GMT-05:00,6.26,120,94.3,0,17
1392527580,02-16-2014 00:13:00 GMT-05:00,7.03,120,94.3,0,17
1392527640,02-16-2014 00:14:00 GMT-05:00,7.11,120,94.5,0,17
1392527700,02-16-2014 00:15:00 GMT-05:00,7.33,120,94.5,0,17
1392527760,02-16-2014 00:16:00 GMT-05:00,7,120,94.5,13,18
1392527820,02-16-2014 00:17:00 GMT-05:00,8.88,120,94.5,0,18
1392527880,02-16-2014 00:18:00 GMT-05:00,8.43,120,94.3,19,18
1392527940,02-16-2014 00:19:00 GMT-05:00,9.29,120,94.3,0,18
1392528000,02-16-2014 00:20:00 GMT-05:00,10.4,111,94.5,0,19
1392528060,02-16-2014 00:21:00 GMT-05:00,10.6,113,94.5,0,19
1392528120,02-16-2014 00:22:00 GMT-05:00,10.6,112,94.6,0,19
1392528180,02-16-2014 00:23:00 GMT-05:00,10.3,110,94.8,0,20
1392528240,02-16-2014 00:24:00 GMT-05:00,10.2,110,94.9,0,20
1392528300,02-16-2014 00:25:00 GMT-05:00,10.5,110,95,11,20
1392528360,02-16-2014 00:26:00 GMT-05:00,11.6,110,95.2,0,20
1392528420,02-16-2014 00:27:00 GMT-05:00,11.1,110,95.2,32,20
1392528480,02-16-2014 00:28:00 GMT-05:00,10.3,107,95.2,79,20
1392528540,02-16-2014 00:29:00 GMT-05:00,10.7,107,95,64,20
1392528600,02-16-2014 00:30:00 GMT-05:00,11.4,107,95,58,20
1392528660,02-16-2014 00:31:00 GMT-05:00,11.7,107,94.8,0,20
1392528720,02-16-2014 00:32:00 GMT-05:00,11.9,120,94.8,0,21
1392528780,02-16-2014 00:33:00 GMT-05:00,10.2,120,94.7,0,21
1392528840,02-16-2014 00:34:00 GMT-05:00,8.67,118,94.6,0,21
1392528900,02-16-2014 00:35:00 GMT-05:00,9.14,118,94.7,0,21
1392528960,02-16-2014 00:36:00 GMT-05:00,9.51,118,94.5,30,21
1392529020,02-16-2014 00:37:00 GMT-05:00,8.96,128,94.4,25,21
1392529080,02-16-2014 00:38:00 GMT-05:00,9.53,120,94.3,0,21
1392529140,02-16-2014 00:39:00 GMT-05:00,10.9,115,94.3,0,21
1392529200,02-16-2014 00:40:00 GMT-05:00,10.8,115,94.3,0,21
1392529260,02-16-2014 00:41:00 GMT-05:00,10.4,115,94.3,0,21
1392529320,02-16-2014 00:42:00 GMT-05:00,9.65,115,94.3,0,21
1392529380,02-16-2014 00:43:00 GMT-05:00,10.7,115,94.3,11,21
1392529440,02-16-2014 00:44:00 GMT-05:00,11.6,115,94.4,51,21
1392529500,02-16-2014 00:45:00 GMT-05:00,12,115,94.3,25,21
1392529560,02-16-2014 00:46:00 GMT-05:00,12.2,115,94.2,63,21
1392529620,02-16-2014 00:47:00 GMT-05:00,11.9,115,93.8,101,21
1392529680,02-16-2014 00:48:00 GMT-05:00,12.1,115,93.3,63,21
1392529740,02-16-2014 00:49:00 GMT-05:00,12.6,115,92.8,82,21
1392529800,02-16-2014 00:50:00 GMT-05:00,12.7,115,92.1,103,21
1392529860,02-16-2014 00:51:00 GMT-05:00,12.6,115,91.1,100,21
1392529920,02-16-2014 00:52:00 GMT-05:00,12.3,115,89.9,72,21
1392529980,02-16-2014 00:53:00 GMT-05:00,11.9,115,89,102,21
1392530040,02-16-2014 00:54:00 GMT-05:00,11.6,115,88.3,105,21
1392530100,02-16-2014 00:55:00 GMT-05:00,11.7,115,87.8,31,21
1392530160,02-16-2014 00:56:00 GMT-05:00,11.1,115,87.2,62,21
1392530220,02-16-2014 00:57:00 GMT-05:00,10.6,115,86.8,0,21
1392530280,02-16-2014 00:58:00 GMT-05:00,11.3,83,86.5,19,21
1392530340,02-16-2014 00:59:00 GMT-05:00,11,64,86.1,0,21
1392530400,02-16-2014 01:00:00 GMT-05:00,10.1,64,85.6,0,21
1392530460,02-16-2014 01:01:00 GMT-05:00,9.72,64,85.5,17,21
1392530520,02-16-2014 01:02:00 GMT-05:00,9.59,64,85.3,16,21
1392530580,02-16-2014 01:03:00 GMT-05:00,9.54,88,85.3,29,21
1392530640,02-16-2014 01:04:00 GMT-05:00,9.32,88,85.1,25,21
1392530700,02-16-2014 01:05:00 GMT-05:00,8.33,88,85,0,21
1392530760,02-16-2014 01:06:00 GMT-05:00,6.68,96,84.9,33,21
1392530820,02-16-2014 01:07:00 GMT-05:00,7.37,96,84.8,18,21
1392530880,02-16-2014 01:08:00 GMT-05:00,6.77,73,84.5,0,21
1392530940,02-16-2014 01:09:00 GMT-05:00,7.68,81,84.4,0,21
1392531000,02-16-2014 01:10:00 GMT-05:00,5.28,86,84.4,0,21
1392531060,02-16-2014 01:11:00 GMT-05:00,4.7,82,84.4,0,21
1392531120,02-16-2014 01:12:00 GMT-05:00,5.82,82,84.6,0,21
1392531180,02-16-2014 01:13:00 GMT-05:00,6.85,82,85.1,0,21
1392531240,02-16-2014 01:14:00 GMT-05:00,6.65,83,85.6,0,21
1392531300,02-16-2014 01:15:00 GMT-05:00,6.89,83,86.2,15,21
1392531360,02-16-2014 01:16:00 GMT-05:00,6.67,79,86.8,0,21
1392531420,02-16-2014 01:17:00 GMT-05:00,5.84,81,87.3,0,21
1392531480,02-16-2014 01:18:00 GMT-05:00,5.38,83,87.8,0,21
1392531540,02-16-2014 01:19:00 GMT-05:00,5.88,81,88.4,0,21
1392531600,02-16-2014 01:20:00 GMT-05:00,5.24,81,88.9,0,21
1392531660,02-16-2014 01:21:00 GMT-05:00,5.51,78,89.3,0,21
1392531720,02-16-2014 01:22:00 GMT-05:00,5.54,79,89.7,0,21
1392531780,02-16-2014 01:23:00 GMT-05:00,5.83,79,90,0,21
1392531840,02-16-2014 01:24:00 GMT-05:00,5.81,81,90.2,0,21
1392531900,02-16-2014 01:25:00 GMT-05:00,5.62,80,90.5,0,21
1392531960,02-16-2014 01:26:00 GMT-05:00,5.85,76,90.7,0,21
1392532020,02-16-2014 01:27:00 GMT-05:00,6.36,76,91,43,21
1392532080,02-16-2014 01:28:00 GMT-05:00,6.36,76,91.2,113,21
1392532140,02-16-2014 01:29:00 GMT-05:00,6.7,76,91.2,14,21
1392532200,02-16-2014 01:30:00 GMT-05:00,6.97,78,91.2,0,21
1392532260,02-16-2014 01:31:00 GMT-05:00,6.89,81,91.2,0,21
1392532320,02-16-2014 01:32:00 GMT-05:00,6.96,89,91.2,0,21
1392532380,02-16-2014 01:33:00 GMT-05:00,7,89,91,0,21
1392532440,02-16-2014 01:34:00 GMT-05:00,6.57,84,91,0,21
1392532500,02-16-2014 01:35:00 GMT-05:00,4.72,88,91,0,21
1392532560,02-16-2014 01:36:00 GMT-05:00,2.68,84,91,0,21
1392532620,02-16-2014 01:37:00 GMT-05:00,3,82,90.9,0,21
1392532680,02-16-2014 01:38:00 GMT-05:00,2.98,81,90.8,11,21
1392532740,02-16-2014 01:39:00 GMT-05:00,2.98,81,90.7,0,21
1392532800,02-16-2014 01:40:00 GMT-05:00,2.97,84,90.7,0,21
1392532860,02-16-2014 01:41:00 GMT-05:00,2.85,75,90.7,0,21
1392532920,02-16-2014 01:42:00 GMT-05:00,2.59,81,90.7,0,21
1392532980,02-16-2014 01:43:00 GMT-05:00,2.81,81,90.7,0,21
1392533040,02-16-2014 01:44:00 GMT-05:00,3.49,50,90.7,7,21
1392533100,02-16-2014 01:45:00 GMT-05:00,3.2,75,90.9,0,21
1392533160,02-16-2014 01:46:00 GMT-05:00,0.669,78,91.2,0,21
1392533220,02-16-2014 01:47:00 GMT-05:00,1.01,77,91.2,0,21
1392533280,02-16-2014 01:48:00 GMT-05:00,1.14,71,91.1,0,21
1392533340,02-16-2014 01:49:00 GMT-05:00,1.15,75,91,0,21
1392533400,02-16-2014 01:50:00 GMT-05:00,1.16,75,91,0,21
1392533460,02-16-2014 01:51:00 GMT-05:00,1.13,73,91,0,21
1392533520,02-16-2014 01:52:00 GMT-05:00,1.16,75,91.2,0,21
1392533580,02-16-2014 01:53:00 GMT-05:00,1.15,75,91.4,0,21
1392533640,02-16-2014 01:54:00 GMT-05:00,1.13,74,91.5,0,21
1392533700,02-16-2014 01:55:00 GMT-05:00,1.24,75,91.6,43,21
1392533760,02-16-2014 01:56:00 GMT-05:00,1.31,75,91.8,97,21
1392533820,02-16-2014 01:57:00 GMT-05:00,1.34,75,91.9,78,21
1392533880,02-16-2014 01:58:00 GMT-05:00,1.28,75,91.9,103,21
1392533940,02-16-2014 01:59:00 GMT-05:00,0.742,75,91.9,5,21
1392534000,02-16-2014 02:00:00 GMT-05:00,0.835,75,91.7,0,21
1392534060,02-16-2014 02:01:00 GMT-05:00,1.12,75,91.3,0,21
1392534120,02-16-2014 02:02:00 GMT-05:00,1.09,75,91,0,21
1392534180,02-16-2014 02:03:00 GMT-05:00,0.97,75,90.7,0,21
1392534240,02-16-2014 02:04:00 GMT-05:00,0.992,77,90.5,0,21
1392534300,02-16-2014 02:05:00 GMT-05:00,0.817,83,90.7,19,21
1392534360,02-16-2014 02:06:00 GMT-05:00,0.76,83,90.7,47,21
1392534420,02-16-2014 02:07:00 GMT-05:00,0.763,55,90.7,9,21
1392597780,02-16-2014 19:43:00 GMT-05:00,2.16E-04,79,93.9,0,22
1392597840,02-16-2014 19:44:00 GMT-05:00,2.76E-04,75,94,0,22
1392597900,02-16-2014 19:45:00 GMT-05:00,2.93E-04,76,94.1,0,22
1392597960,02-16-2014 19:46:00 GMT-05:00,3.00E-04,80,94.1,0,22
1392598020,02-16-2014 19:47:00 GMT-05:00,2.79E-04,80,94.1,0,22
1392598080,02-16-2014 19:48:00 GMT-05:00,2.95E-04,78,94.2,0,22
1392598140,02-16-2014 19:49:00 GMT-05:00,2.73E-04,79,94.3,0,22
1392598200,02-16-2014 19:50:00 GMT-05:00,2.79E-04,76,94.3,0,22
1392598260,02-16-2014 19:51:00 GMT-05:00,2.76E-04,78,94.1,0,22
1392598320,02-16-2014 19:52:00 GMT-05:00,2.83E-04,75,94.1,0,22
1392598380,02-16-2014 19:53:00 GMT-05:00,2.96E-04,75,93.9,0,22
1392598440,02-16-2014 19:54:00 GMT-05:00,3.45E-04,75,93.9,0,22
1392598500,02-16-2014 19:55:00 GMT-05:00,2.26E-04,75,93.7,0,22
1392598560,02-16-2014 19:56:00 GMT-05:00,3.21E-04,75,93.6,0,22
1392598620,02-16-2014 19:57:00 GMT-05:00,2.57E-04,79,93.6,0,22
1392598680,02-16-2014 19:58:00 GMT-05:00,2.03E-04,75,93.6,0,22
1392598740,02-16-2014 19:59:00 GMT-05:00,2.06E-04,79,93.4,0,22
1392598800,02-16-2014 20:00:00 GMT-05:00,2.46E-04,79,93.2,0,22
1392598860,02-16-2014 20:01:00 GMT-05:00,2.83E-04,77,93.1,0,22
1392598920,02-16-2014 20:02:00 GMT-05:00,2.73E-04,77,93,0,22
1392598980,02-16-2014 20:03:00 GMT-05:00,2.48E-04,79,93,0,22
1392599040,02-16-2014 20:04:00 GMT-05:00,2.42E-04,78,93,0,22
1392599100,02-16-2014 20:05:00 GMT-05:00,2.28E-04,77,93.2,0,22
1392599160,02-16-2014 20:06:00 GMT-05:00,2.18E-04,76,93.4,0,22
1392599220,02-16-2014 20:07:00 GMT-05:00,2.23E-04,76,93.4,0,22
1392599280,02-16-2014 20:08:00 GMT-05:00,2.14E-04,76,93.2,0,22
1392599340,02-16-2014 20:09:00 GMT-05:00,2.25E-04,141,93.1,0,22
1392599400,02-16-2014 20:10:00 GMT-05:00,2.76E-04,83,93,0,22
1392599460,02-16-2014 20:11:00 GMT-05:00,2.63E-04,81,93,0,22
1392599520,02-16-2014 20:12:00 GMT-05:00,2.80E-04,83,93,0,22
1392599580,02-16-2014 20:13:00 GMT-05:00,2.52E-04,83,93,0,22
1392599640,02-16-2014 20:14:00 GMT-05:00,2.25E-04,83,93,0,22
1392599700,02-16-2014 20:15:00 GMT-05:00,2.24E-04,83,93.1,0,22
1392599760,02-16-2014 20:16:00 GMT-05:00,2.61E-04,83,93.2,76,22
1392599820,02-16-2014 20:17:00 GMT-05:00,1.84E-04,83,92.8,108,22
1392599880,02-16-2014 20:18:00 GMT-05:00,1.48E-04,83,92.2,106,22
1392599940,02-16-2014 20:19:00 GMT-05:00,1.31E-04,83,91.6,81,22
1392600000,02-16-2014 20:20:00 GMT-05:00,1.52E-04,79,91.1,0,22
1392600060,02-16-2014 20:21:00 GMT-05:00,1.42E-04,80,90.7,0,22
1392600120,02-16-2014 20:22:00 GMT-05:00,1.38E-04,75,90.3,0,22
1392600180,02-16-2014 20:23:00 GMT-05:00,1.23E-04,85,89.7,0,22
1392600240,02-16-2014 20:24:00 GMT-05:00,1.43E-04,92,89.2,0,22
1392600300,02-16-2014 20:25:00 GMT-05:00,1.75E-04,85,88.9,0,22
1392600360,02-16-2014 20:26:00 GMT-05:00,1.71E-04,85,88.6,0,22
1392600420,02-16-2014 20:27:00 GMT-05:00,1.76E-04,85,88.6,0,22
1392600480,02-16-2014 20:28:00 GMT-05:00,1.62E-04,83,88.8,0,22
1392600540,02-16-2014 20:29:00 GMT-05:00,1.27E-04,83,88.9,0,22
1392600600,02-16-2014 20:30:00 GMT-05:00,1.25E-04,86,89.2,0,22
1392600660,02-16-2014 20:31:00 GMT-05:00,1.25E-04,83,89.4,0,22
1392600720,02-16-2014 20:32:00 GMT-05:00,1.40E-04,78,89.4,0,22
1392600780,02-16-2014 20:33:00 GMT-05:00,1.46E-04,78,89.4,0,22
1392600840,02-16-2014 20:34:00 GMT-05:00,1.41E-04,76,89.4,0,22
1392600900,02-16-2014 20:35:00 GMT-05:00,1.68E-04,75,89.4,0,22
1392600960,02-16-2014 20:36:00 GMT-05:00,1.78E-04,75,89.4,0,22
1392601020,02-16-2014 20:37:00 GMT-05:00,1.84E-04,75,89.5,93,22
1392601080,02-16-2014 20:38:00 GMT-05:00,1.77E-04,75,89.5,106,22
1392601140,02-16-2014 20:39:00 GMT-05:00,1.80E-04,75,88.9,106,22
1392601200,02-16-2014 20:40:00 GMT-05:00,1.53E-04,75,87.7,62,22
1392601260,02-16-2014 20:41:00 GMT-05:00,1.28E-04,75,87.4,0,22
1392601320,02-16-2014 20:42:00 GMT-05:00,1.36E-04,75,87,8,22
1392601380,02-16-2014 20:43:00 GMT-05:00,1.32E-04,75,86.6,42,22
1392601440,02-16-2014 20:44:00 GMT-05:00,1.33E-04,77,86.4,0,22
1392601500,02-16-2014 20:45:00 GMT-05:00,1.44E-04,77,86.1,0,22
1392601560,02-16-2014 20:46:00 GMT-05:00,1.54E-04,77,86.2,0,22
1392601620,02-16-2014 20:47:00 GMT-05:00,1.51E-04,77,86.2,16,22
1392601680,02-16-2014 20:48:00 GMT-05:00,1.52E-04,77,85.9,14,22
1392601740,02-16-2014 20:49:00 GMT-05:00,1.52E-04,77,86,37,22
1392601800,02-16-2014 20:50:00 GMT-05:00,2.13E-04,77,86,17,22
1392601860,02-16-2014 20:51:00 GMT-05:00,1.58E-04,77,86.3,0,22
1392601920,02-16-2014 20:52:00 GMT-05:00,2.06E-04,88,86.7,0,22
1392601980,02-16-2014 20:53:00 GMT-05:00,1.97E-04,88,86.8,0,22
1392602040,02-16-2014 20:54:00 GMT-05:00,2.11E-04,89,86.9,0,22
1392602100,02-16-2014 20:55:00 GMT-05:00,1.98E-04,89,86.9,0,22
1392602160,02-16-2014 20:56:00 GMT-05:00,1.86E-04,89,87,0,22
1392602220,02-16-2014 20:57:00 GMT-05:00,1.83E-04,89,87,0,22
1392602280,02-16-2014 20:58:00 GMT-05:00,2.02E-04,91,87.1,0,22
1392602340,02-16-2014 20:59:00 GMT-05:00,1.54E-04,92,86.8,0,22
1392602400,02-16-2014 21:00:00 GMT-05:00,1.84E-04,92,86.5,0,22
1392602460,02-16-2014 21:01:00 GMT-05:00,2.46E-04,92,85.8,0,22
1392602520,02-16-2014 21:02:00 GMT-05:00,2.88E-04,92,85.8,0,22
1392602580,02-16-2014 21:03:00 GMT-05:00,3.39E-04,88,85.5,0,22
1392602640,02-16-2014 21:04:00 GMT-05:00,3.93E-04,89,85.5,0,22
1392602700,02-16-2014 21:05:00 GMT-05:00,5.33E-04,85,85.6,0,22
1392602760,02-16-2014 21:06:00 GMT-05:00,6.15E-04,71,85.7,0,22
1392602820,02-16-2014 21:07:00 GMT-05:00,7.32E-04,71,86,0,22
1392602880,02-16-2014 21:08:00 GMT-05:00,6.67E-04,94,86.2,0,22
1392602940,02-16-2014 21:09:00 GMT-05:00,5.21E-04,94,86,0,22
1392603000,02-16-2014 21:10:00 GMT-05:00,4.65E-04,94,86.1,0,22
1392603060,02-16-2014 21:11:00 GMT-05:00,5.16E-04,94,86.2,0,22
1392603120,02-16-2014 21:12:00 GMT-05:00,6.65E-04,69,86.4,0,22
1392603180,02-16-2014 21:13:00 GMT-05:00,7.02E-04,85,86.5,0,22
1392603240,02-16-2014 21:14:00 GMT-05:00,7.84E-04,85,86.6,0,22
1392603300,02-16-2014 21:15:00 GMT-05:00,5.22E-04,85,86.5,0,22
1392603360,02-16-2014 21:16:00 GMT-05:00,5.58E-04,85,86.5,0,22
1392603420,02-16-2014 21:17:00 GMT-05:00,5.81E-04,85,86.5,0,22
1392603480,02-16-2014 21:18:00 GMT-05:00,0.00108,87,86.7,0,23
1392603540,02-16-2014 21:19:00 GMT-05:00,0.00213,77,86.9,0,23
1392603600,02-16-2014 21:20:00 GMT-05:00,0.00351,77,86.9,0,23
1392603660,02-16-2014 21:21:00 GMT-05:00,0.0058,60,86.8,44,24
1392603720,02-16-2014 21:22:00 GMT-05:00,0.00794,74,86.7,0,24
1392603780,02-16-2014 21:23:00 GMT-05:00,0.0132,79,86.9,0,24
1392603840,02-16-2014 21:24:00 GMT-05:00,0.0157,79,86.9,0,24
1392603900,02-16-2014 21:25:00 GMT-05:00,0.0107,83,87,0,24
1392603960,02-16-2014 21:26:00 GMT-05:00,0.0103,83,87.1,0,24
1392604020,02-16-2014 21:27:00 GMT-05:00,0.00986,68,87,0,24
1392604080,02-16-2014 21:28:00 GMT-05:00,0.0182,68,86.9,0,24
1392604140,02-16-2014 21:29:00 GMT-05:00,0.0302,68,86.9,64,24
1392604200,02-16-2014 21:30:00 GMT-05:00,0.0288,68,86.6,81,24
1392604260,02-16-2014 21:31:00 GMT-05:00,0.0446,68,86.5,78,25
1392604320,02-16-2014 21:32:00 GMT-05:00,0.0814,68,86.5,93,25
1392604380,02-16-2014 21:33:00 GMT-05:00,0.0717,81,86.5,50,25
1392604440,02-16-2014 21:34:00 GMT-05:00,0.0837,81,86.6,60,25
1392604500,02-16-2014 21:35:00 GMT-05:00,0.363,81,86.7,48,25
1392604560,02-16-2014 21:36:00 GMT-05:00,0.231,81,87,33,25
1392604620,02-16-2014 21:37:00 GMT-05:00,0.294,87,87.1,0,25
1392604680,02-16-2014 21:38:00 GMT-05:00,0.29,87,87.1,30,25
1392604740,02-16-2014 21:39:00 GMT-05:00,0.214,87,87,0,25
1392604800,02-16-2014 21:40:00 GMT-05:00,0.892,87,86.9,0,26
1392604860,02-16-2014 21:41:00 GMT-05:00,0.248,87,86.9,94,26
1392604920,02-16-2014 21:42:00 GMT-05:00,0.287,87,86.7,67,26
1392604980,02-16-2014 21:43:00 GMT-05:00,0.335,73,86.5,0,26
1392605040,02-16-2014 21:44:00 GMT-05:00,0.198,73,86.5,0,26
1392605100,02-16-2014 21:45:00 GMT-05:00,0.161,73,86.3,0,26
1392605160,02-16-2014 21:46:00 GMT-05:00,0.328,55,86.2,0,26
1392605220,02-16-2014 21:47:00 GMT-05:00,0.781,55,86.2,0,26
1392605280,02-16-2014 21:48:00 GMT-05:00,0.56,55,85.9,0,26
1392605340,02-16-2014 21:49:00 GMT-05:00,0.407,55,85.7,0,26
1392605400,02-16-2014 21:50:00 GMT-05:00,0.215,55,85.3,0,26
1392605460,02-16-2014 21:51:00 GMT-05:00,0.286,55,85.3,0,27
1392605520,02-16-2014 21:52:00 GMT-05:00,0.345,55,85.3,0,27
1392605580,02-16-2014 21:53:00 GMT-05:00,0.356,86,85.3,0,27
1392605640,02-16-2014 21:54:00 GMT-05:00,0.323,87,85.3,18,27
1392605700,02-16-2014 21:55:00 GMT-05:00,0.418,90,85.3,0,27
1392605760,02-16-2014 21:56:00 GMT-05:00,0.345,90,85.4,0,27
1392605820,02-16-2014 21:57:00 GMT-05:00,0.391,90,85.3,0,28
1392605880,02-16-2014 21:58:00 GMT-05:00,0.413,90,85.3,0,28
1392605940,02-16-2014 21:59:00 GMT-05:00,0.293,91,85.3,0,28
1392606000,02-16-2014 22:00:00 GMT-05:00,0.249,91,85.3,36,28
1392606060,02-16-2014 22:01:00 GMT-05:00,0.124,91,85.3,22,28
1392606120,02-16-2014 22:02:00 GMT-05:00,0.137,91,85.3,65,28
1392606180,02-16-2014 22:03:00 GMT-05:00,0.08,91,85.5,3,28
1392606240,02-16-2014 22:04:00 GMT-05:00,0.0589,91,85.4,0,28
1392606300,02-16-2014 22:05:00 GMT-05:00,0.0889,92,85.5,0,28
1392606360,02-16-2014 22:06:00 GMT-05:00,0.0232,85,85.7,0,28
1392606420,02-16-2014 22:07:00 GMT-05:00,0.0374,85,85.8,0,29
1392606480,02-16-2014 22:08:00 GMT-05:00,0.0122,89,85.8,0,29
1392606540,02-16-2014 22:09:00 GMT-05:00,0.0205,89,86,0,29
1392606600,02-16-2014 22:10:00 GMT-05:00,0.0282,66,86.1,0,29
1392606660,02-16-2014 22:11:00 GMT-05:00,0.024,66,86.1,19,29
1392606720,02-16-2014 22:12:00 GMT-05:00,0.0282,87,86.5,58,29
1392606780,02-16-2014 22:13:00 GMT-05:00,0.0259,84,86.7,0,30
1392606840,02-16-2014 22:14:00 GMT-05:00,0.0595,60,86.8,0,30
1392606900,02-16-2014 22:15:00 GMT-05:00,0.0345,60,86.9,114,30
1392606960,02-16-2014 22:16:00 GMT-05:00,0.0226,60,86.9,74,30
1392607020,02-16-2014 22:17:00 GMT-05:00,0.0144,60,86.8,0,30
1392607080,02-16-2014 22:18:00 GMT-05:00,0.0113,60,86.9,0,30
1392607140,02-16-2014 22:19:00 GMT-05:00,0.0197,60,86.9,0,31
1392607200,02-16-2014 22:20:00 GMT-05:00,0.0369,60,86.9,74,31
1392607260,02-16-2014 22:21:00 GMT-05:00,0.0884,83,86.9,87,31
1392607320,02-16-2014 22:22:00 GMT-05:00,0.0649,83,87.2,0,31
1392607380,02-16-2014 22:23:00 GMT-05:00,0.122,83,87.6,0,31
1392607440,02-16-2014 22:24:00 GMT-05:00,0.142,92,88,0,31
1392607500,02-16-2014 22:25:00 GMT-05:00,0.117,92,88.2,45,31
1392607560,02-16-2014 22:26:00 GMT-05:00,0.491,92,88.7,3,32
1392607620,02-16-2014 22:27:00 GMT-05:00,0.276,92,89,50,32
1392607680,02-16-2014 22:28:00 GMT-05:00,0.0344,83,88.9,0,32
1392607740,02-16-2014 22:29:00 GMT-05:00,0.0204,88,89,10,32
1392607800,02-16-2014 22:30:00 GMT-05:00,0.0743,88,89.3,12,32
1392607860,02-16-2014 22:31:00 GMT-05:00,0.0614,88,89.4,23,32
1392607920,02-16-2014 22:32:00 GMT-05:00,0.0892,88,89.4,0,32
1392607980,02-16-2014 22:33:00 GMT-05:00,0.08,88,89.6,0,32
1392608040,02-16-2014 22:34:00 GMT-05:00,0.0183,88,89.4,0,32
1392608100,02-16-2014 22:35:00 GMT-05:00,0.0094,87,89.2,0,32
1392608160,02-16-2014 22:36:00 GMT-05:00,0.0078,93,88.9,0,32
1392608220,02-16-2014 22:37:00 GMT-05:00,0.00737,93,88.5,0,32
1392608280,02-16-2014 22:38:00 GMT-05:00,0.00513,93,88.1,0,32
1392608340,02-16-2014 22:39:00 GMT-05:00,0.00303,93,87.5,0,32
1392608400,02-16-2014 22:40:00 GMT-05:00,0.00149,93,86.7,17,32
1392608460,02-16-2014 22:41:00 GMT-05:00,6.15E-04,93,86.1,0,32
1392608520,02-16-2014 22:42:00 GMT-05:00,3.41E-04,93,85.4,0,32
1392608580,02-16-2014 22:43:00 GMT-05:00,4.53E-04,93,85.1,0,32
1392608640,02-16-2014 22:44:00 GMT-05:00,4.86E-04,93,84.7,0,32
1392608700,02-16-2014 22:45:00 GMT-05:00,4.98E-04,93,84.4,49,32
1392608760,02-16-2014 22:46:00 GMT-05:00,4.70E-04,93,84.2,56,32
1392608820,02-16-2014 22:47:00 GMT-05:00,4.65E-04,93,84,36,32
1392608880,02-16-2014 22:48:00 GMT-05:00,4.67E-04,93,83.6,0,32
1392608940,02-16-2014 22:49:00 GMT-05:00,4.57E-04,93,83.4,0,32
1392609000,02-16-2014 22:50:00 GMT-05:00,3.21E-04,69,83.1,0,32
1392609060,02-16-2014 22:51:00 GMT-05:00,1.93E-04,69,82.6,0,32
1392609120,02-16-2014 22:52:00 GMT-05:00,2.96E-04,83,82.6,0,32
1392609180,02-16-2014 22:53:00 GMT-05:00,3.31E-04,83,82.5,0,32
1392609240,02-16-2014 22:54:00 GMT-05:00,2.89E-04,69,82.2,0,32
1392609300,02-16-2014 22:55:00 GMT-05:00,2.59E-04,69,82.4,0,32
1392609360,02-16-2014 22:56:00 GMT-05:00,1.54E-04,56,82.1,0,32
1392609420,02-16-2014 22:57:00 GMT-05:00,1.20E-04,66,81.8,0,32
1392609480,02-16-2014 22:58:00 GMT-05:00,1.14E-04,74,81.6,0,32
1392609540,02-16-2014 22:59:00 GMT-05:00,1.49E-04,74,81.5,0,32
1392609600,02-16-2014 23:00:00 GMT-05:00,1.60E-04,74,81.4,0,32
1392609660,02-16-2014 23:01:00 GMT-05:00,2.96E-04,51,81.3,0,33
1392609720,02-16-2014 23:02:00 GMT-05:00,2.69E-04,51,81.3,0,33
1392609780,02-16-2014 23:03:00 GMT-05:00,1.86E-04,51,81.5,0,33
1392609840,02-16-2014 23:04:00 GMT-05:00,2.31E-04,51,81.7,0,33
1392609900,02-16-2014 23:05:00 GMT-05:00,1.80E-04,80,81.9,0,33
1392609960,02-16-2014 23:06:00 GMT-05:00,1.65E-04,73,82.1,0,33
1392610020,02-16-2014 23:07:00 GMT-05:00,2.51E-04,79,82.4,0,33
1392610080,02-16-2014 23:08:00 GMT-05:00,2.21E-04,50,82.5,0,33
1392610140,02-16-2014 23:09:00 GMT-05:00,2.05E-04,71,82.9,0,33
1392610200,02-16-2014 23:10:00 GMT-05:00,1.44E-04,79,83.1,0,33
1392610260,02-16-2014 23:11:00 GMT-05:00,1.09E-04,72,83.8,0,33
1392610320,02-16-2014 23:12:00 GMT-05:00,1.62E-04,72,84.4,0,34
1392610380,02-16-2014 23:13:00 GMT-05:00,2.81E-04,56,84.8,0,34
1392610440,02-16-2014 23:14:00 GMT-05:00,3.03E-04,56,85.1,0,34
1392610500,02-16-2014 23:15:00 GMT-05:00,3.26E-04,87,85.3,0,34
1392610560,02-16-2014 23:16:00 GMT-05:00,3.10E-04,81,85.3,0,34
1392610620,02-16-2014 23:17:00 GMT-05:00,3.23E-04,80,85.5,0,34
1392610680,02-16-2014 23:18:00 GMT-05:00,3.09E-04,83,85.7,0,34
1392610740,02-16-2014 23:19:00 GMT-05:00,3.34E-04,81,86.4,0,35
1392610800,02-16-2014 23:20:00 GMT-05:00,2.96E-04,83,86.9,0,35
1392610860,02-16-2014 23:21:00 GMT-05:00,2.53E-04,83,87.3,0,35
1392610920,02-16-2014 23:22:00 GMT-05:00,2.94E-04,77,87.5,0,35
1392610980,02-16-2014 23:23:00 GMT-05:00,2.68E-04,81,87.9,0,35
1392611040,02-16-2014 23:24:00 GMT-05:00,2.46E-04,85,88.3,0,35
1392611100,02-16-2014 23:25:00 GMT-05:00,3.22E-04,76,88.6,0,35
1392611160,02-16-2014 23:26:00 GMT-05:00,4.20E-04,75,88.9,0,36
1392611220,02-16-2014 23:27:00 GMT-05:00,2.19E-04,79,89.2,50,36
1392611280,02-16-2014 23:28:00 GMT-05:00,2.29E-04,79,89.5,0,36
1392611340,02-16-2014 23:29:00 GMT-05:00,2.13E-04,79,89.9,0,36
1392611400,02-16-2014 23:30:00 GMT-05:00,2.68E-04,80,90,0,36
1392611460,02-16-2014 23:31:00 GMT-05:00,2.93E-04,81,90.1,0,36
1392611520,02-16-2014 23:32:00 GMT-05:00,4.08E-04,81,90.3,95,36
1392611580,02-16-2014 23:33:00 GMT-05:00,2.13E-04,81,90.1,18,36
1392611640,02-16-2014 23:34:00 GMT-05:00,1.50E-04,81,90,14,36
1392611700,02-16-2014 23:35:00 GMT-05:00,1.44E-04,81,89.8,46,37
1392611760,02-16-2014 23:36:00 GMT-05:00,1.17E-04,81,89.7,0,37
1392611820,02-16-2014 23:37:00 GMT-05:00,1.38E-04,60,89.4,0,37
1392611880,02-16-2014 23:38:00 GMT-05:00,2.56E-04,87,89.1,0,37
1392611940,02-16-2014 23:39:00 GMT-05:00,3.05E-04,86,88.9,0,37
1392612000,02-16-2014 23:40:00 GMT-05:00,1.14E-04,86,89,0,37
1392612060,02-16-2014 23:41:00 GMT-05:00,3.31E-04,86,89.3,0,37
1392612120,02-16-2014 23:42:00 GMT-05:00,3.52E-04,83,89.7,0,37
1392612180,02-16-2014 23:43:00 GMT-05:00,4.12E-04,82,90,0,38
1392612240,02-16-2014 23:44:00 GMT-05:00,2.58E-04,88,90.4,0,38
1392612300,02-16-2014 23:45:00 GMT-05:00,1.92E-04,86,90.7,0,38
1392612360,02-16-2014 23:46:00 GMT-05:00,4.82E-04,85,90.8,0,38
1392612420,02-16-2014 23:47:00 GMT-05:00,4.86E-04,76,91,0,38
1392612480,02-16-2014 23:48:00 GMT-05:00,4.65E-04,83,91,0,38
1392612540,02-16-2014 23:49:00 GMT-05:00,4.81E-04,89,91,0,38
1392612600,02-16-2014 23:50:00 GMT-05:00,4.65E-04,92,91,0,38
1392612660,02-16-2014 23:51:00 GMT-05:00,5.74E-04,87,91,0,38
1392612720,02-16-2014 23:52:00 GMT-05:00,5.87E-04,84,91.1,0,38
1392612780,02-16-2014 23:53:00 GMT-05:00,5.98E-04,97,91.2,0,38
1392612840,02-16-2014 23:54:00 GMT-05:00,6.10E-04,86,91.4,0,38
1392612900,02-16-2014 23:55:00 GMT-05:00,6.08E-04,88,91.5,0,38
1392612960,02-16-2014 23:56:00 GMT-05:00,5.91E-04,85,91.6,0,38
1392613020,02-16-2014 23:57:00 GMT-05:00,6.08E-04,83,91.6,0,38
1392613080,02-16-2014 23:58:00 GMT-05:00,6.25E-04,82,91.8,0,38
1392613140,02-16-2014 23:59:00 GMT-05:00,6.62E-04,81,91.9,73,38
1392613200,02-17-2014 00:00:00 GMT-05:00,6.98E-04,84,91.9,0,38
1392613260,02-17-2014 00:01:00 GMT-05:00,7.02E-04,91,91.9,0,39
1392613320,02-17-2014 00:02:00 GMT-05:00,6.26E-04,89,91.9,0,39
1392613380,02-17-2014 00:03:00 GMT-05:00,7.15E-04,86,92,35,39
1392613440,02-17-2014 00:04:00 GMT-05:00,6.39E-04,103,92.1,55,39
1392613500,02-17-2014 00:05:00 GMT-05:00,6.73E-04,93,92.1,98,39
1392613560,02-17-2014 00:06:00 GMT-05:00,7.25E-04,76,92.1,0,40
1392613620,02-17-2014 00:07:00 GMT-05:00,7.15E-04,75,92.2,0,40
1392613680,02-17-2014 00:08:00 GMT-05:00,0.00135,75,92.3,0,40
1392613740,02-17-2014 00:09:00 GMT-05:00,0.00154,75,92.3,0,40
1392613800,02-17-2014 00:10:00 GMT-05:00,0.0017,86,92.3,0,40
1392613860,02-17-2014 00:11:00 GMT-05:00,0.00181,87,92.3,0,41
1392613920,02-17-2014 00:12:00 GMT-05:00,0.00192,86,92.1,0,41
1392613980,02-17-2014 00:13:00 GMT-05:00,0.00214,86,92,0,41
1392614040,02-17-2014 00:14:00 GMT-05:00,0.00209,85,91.9,0,41
1392614100,02-17-2014 00:15:00 GMT-05:00,0.00162,88,91.9,0,41
1392614160,02-17-2014 00:16:00 GMT-05:00,0.00161,88,92,0,41
1392614220,02-17-2014 00:17:00 GMT-05:00,0.00166,84,92.1,0,41
1392614280,02-17-2014 00:18:00 GMT-05:00,0.00169,87,92.1,0,41
1392614340,02-17-2014 00:19:00 GMT-05:00,0.00165,90,92.1,0,41
1392614400,02-17-2014 00:20:00 GMT-05:00,0.00166,88,92.1,22,41
1392614460,02-17-2014 00:21:00 GMT-05:00,0.0015,91,92.1,0,41
1392614520,02-17-2014 00:22:00 GMT-05:00,0.00159,90,92.2,0,41
1392614580,02-17-2014 00:23:00 GMT-05:00,0.00162,91,92.3,0,41
1392614640,02-17-2014 00:24:00 GMT-05:00,0.00162,89,92.4,0,41
1392614700,02-17-2014 00:25:00 GMT-05:00,0.00176,89,92.5,0,41
1392614760,02-17-2014 00:26:00 GMT-05:00,0.00201,87,92.6,0,41
1392614820,02-17-2014 00:27:00 GMT-05:00,0.00209,89,92.8,0,42
1392614880,02-17-2014 00:28:00 GMT-05:00,0.00213,93,92.8,13,42
1392614940,02-17-2014 00:29:00 GMT-05:00,0.00196,88,92.8,0,42
1392615000,02-17-2014 00:30:00 GMT-05:00,0.00159,87,92.8,0,42
1392615060,02-17-2014 00:31:00 GMT-05:00,0.00226,84,92.8,10,42
1392615120,02-17-2014 00:32:00 GMT-05:00,0.00159,83,92.8,1,42
1392615180,02-17-2014 00:33:00 GMT-05:00,0.00196,80,92.6,31,42
1392615240,02-17-2014 00:34:00 GMT-05:00,0.00181,80,92.4,0,42
1392615300,02-17-2014 00:35:00 GMT-05:00,0.00124,80,91.9,0,42
1392615360,02-17-2014 00:36:00 GMT-05:00,0.00125,91,91.4,0,42
1392615420,02-17-2014 00:37:00 GMT-05:00,0.00138,93,91.1,0,42
1392615480,02-17-2014 00:38:00 GMT-05:00,0.00122,92,91,0,42
1392615540,02-17-2014 00:39:00 GMT-05:00,9.63E-04,92,90.9,0,42
1392615600,02-17-2014 00:40:00 GMT-05:00,8.48E-04,92,90.7,15,42
1392615660,02-17-2014 00:41:00 GMT-05:00,6.87E-04,86,90.8,20,42
1392615720,02-17-2014 00:42:00 GMT-05:00,6.55E-04,86,91,53,42
1392615780,02-17-2014 00:43:00 GMT-05:00,6.31E-04,92,91,26,42
1392615840,02-17-2014 00:44:00 GMT-05:00,6.46E-04,92,91.1,95,42
1392615900,02-17-2014 00:45:00 GMT-05:00,6.40E-04,92,91,72,42
1392615960,02-17-2014 00:46:00 GMT-05:00,6.30E-04,92,90.9,0,42
1392616020,02-17-2014 00:47:00 GMT-05:00,6.31E-04,92,90.5,0,42
1392616080,02-17-2014 00:48:00 GMT-05:00,6.18E-04,92,89.8,0,42
1392616140,02-17-2014 00:49:00 GMT-05:00,6.05E-04,92,89.3,0,42
1392616200,02-17-2014 00:50:00 GMT-05:00,5.55E-04,92,88.8,0,42
1392616260,02-17-2014 00:51:00 GMT-05:00,4.95E-04,92,88.2,39,42
1392616320,02-17-2014 00:52:00 GMT-05:00,4.85E-04,51,87.7,15,42
1392616380,02-17-2014 00:53:00 GMT-05:00,5.33E-04,84,87.3,0,42
1392616440,02-17-2014 00:54:00 GMT-05:00,5.26E-04,84,86.8,0,42
1392616500,02-17-2014 00:55:00 GMT-05:00,5.32E-04,85,86.4,0,42
1392616560,02-17-2014 00:56:00 GMT-05:00,5.16E-04,86,85.9,11,42
1392616620,02-17-2014 00:57:00 GMT-05:00,4.97E-04,83,85.2,35,42
1392616680,02-17-2014 00:58:00 GMT-05:00,4.92E-04,81,84.5,0,42
1392616740,02-17-2014 00:59:00 GMT-05:00,4.82E-04,81,83.9,25,42
1392616800,02-17-2014 01:00:00 GMT-05:00,4.86E-04,81,83.5,0,42
1392616860,02-17-2014 01:01:00 GMT-05:00,4.84E-04,81,83.1,14,42
1392616920,02-17-2014 01:02:00 GMT-05:00,2.72E-04,81,82.4,0,42
1392616980,02-17-2014 01:03:00 GMT-05:00,3.33E-04,70,81.9,0,42
1392617040,02-17-2014 01:04:00 GMT-05:00,3.33E-04,70,81.8,0,42
1392617100,02-17-2014 01:05:00 GMT-05:00,2.06E-04,70,81.3,0,42
1392617160,02-17-2014 01:06:00 GMT-05:00,1.61E-04,70,80.8,0,42
1392617220,02-17-2014 01:07:00 GMT-05:00,2.23E-04,70,80.9,0,42
1392617280,02-17-2014 01:08:00 GMT-05:00,2.76E-04,70,81.5,0,42
1392617340,02-17-2014 01:09:00 GMT-05:00,2.46E-04,70,82.1,0,42
1392617400,02-17-2014 01:10:00 GMT-05:00,2.69E-04,70,82.9,0,42
1392617460,02-17-2014 01:11:00 GMT-05:00,3.22E-04,70,83.6,0,42
1392617520,02-17-2014 01:12:00 GMT-05:00,2.08E-04,71,84.4,0,42
1392617580,02-17-2014 01:13:00 GMT-05:00,2.55E-04,72,85.2,0,42
1392617640,02-17-2014 01:14:00 GMT-05:00,2.64E-04,74,86.1,0,42
1392617700,02-17-2014 01:15:00 GMT-05:00,2.86E-04,72,86.9,0,42
1392617760,02-17-2014 01:16:00 GMT-05:00,2.44E-04,71,87.6,0,42
1392617820,02-17-2014 01:17:00 GMT-05:00,2.68E-04,73,88.2,0,42
1392617880,02-17-2014 01:18:00 GMT-05:00,2.76E-04,73,88.6,0,42
1392617940,02-17-2014 01:19:00 GMT-05:00,2.16E-04,73,88.8,0,42
1392618000,02-17-2014 01:20:00 GMT-05:00,2.80E-04,70,89.1,0,42
1392618060,02-17-2014 01:21:00 GMT-05:00,3.53E-04,75,89.4,0,42
1392618120,02-17-2014 01:22:00 GMT-05:00,2.74E-04,77,89.4,36,42
1392618180,02-17-2014 01:23:00 GMT-05:00,1.94E-04,77,89.1,9,42
1392618240,02-17-2014 01:24:00 GMT-05:00,1.76E-04,85,88.9,0,42
1392618300,02-17-2014 01:25:00 GMT-05:00,1.89E-04,74,88.4,0,42
1392618360,02-17-2014 01:26:00 GMT-05:00,2.01E-04,74,87.8,0,42
1392618420,02-17-2014 01:27:00 GMT-05:00,1.91E-04,74,87.7,0,42
1392618480,02-17-2014 01:28:00 GMT-05:00,2.24E-04,79,87.7,0,42
1392618540,02-17-2014 01:29:00 GMT-05:00,2.10E-04,79,87.8,0,42
1392618600,02-17-2014 01:30:00 GMT-05:00,2.15E-04,74,87.6,0,42
1392618660,02-17-2014 01:31:00 GMT-05:00,1.24E-04,76,87.8,0,42
1392618720,02-17-2014 01:32:00 GMT-05:00,1.27E-04,68,87.7,0,42
1392618780,02-17-2014 01:33:00 GMT-05:00,1.13E-04,77,87.7,0,42
1392618840,02-17-2014 01:34:00 GMT-05:00,2.61E-04,77,87.9,0,42
1392618900,02-17-2014 01:35:00 GMT-05:00,1.26E-04,82,88.1,0,42
1392618960,02-17-2014 01:36:00 GMT-05:00,1.19E-04,86,88.4,0,42
1392619020,02-17-2014 01:37:00 GMT-05:00,1.08E-04,57,88.5,0,42
1392619080,02-17-2014 01:38:00 GMT-05:00,1.74E-04,74,88.5,0,42
1392619140,02-17-2014 01:39:00 GMT-05:00,2.13E-04,74,88.6,0,42
1392619200,02-17-2014 01:40:00 GMT-05:00,1.96E-04,74,88.7,0,42
1392619260,02-17-2014 01:41:00 GMT-05:00,1.75E-04,79,88.9,0,42
1392619320,02-17-2014 01:42:00 GMT-05:00,2.04E-04,79,89.2,0,42
1392619380,02-17-2014 01:43:00 GMT-05:00,1.63E-04,83,89.5,0,42
1392619440,02-17-2014 01:44:00 GMT-05:00,1.92E-04,82,89.8,0,42
1392619500,02-17-2014 01:45:00 GMT-05:00,1.54E-04,83,90,0,42
1392619560,02-17-2014 01:46:00 GMT-05:00,1.26E-04,83,90.2,0,42
1392619620,02-17-2014 01:47:00 GMT-05:00,1.69E-04,83,90.3,0,42
1392619680,02-17-2014 01:48:00 GMT-05:00,1.34E-04,83,90.3,0,42
1392619740,02-17-2014 01:49:00 GMT-05:00,1.61E-04,83,90.5,0,42
1392619800,02-17-2014 01:50:00 GMT-05:00,1.82E-04,79,90.5,0,42
1392619860,02-17-2014 01:51:00 GMT-05:00,1.70E-04,83,90.5,0,42
1392619920,02-17-2014 01:52:00 GMT-05:00,1.83E-04,77,90.5,0,42
1392619980,02-17-2014 01:53:00 GMT-05:00,2.38E-04,74,90.4,0,42
1392620040,02-17-2014 01:54:00 GMT-05:00,2.36E-04,74,90.2,43,42
1392620100,02-17-2014 01:55:00 GMT-05:00,1.56E-04,67,90,0,42
1392620160,02-17-2014 01:56:00 GMT-05:00,1.85E-04,67,89.7,0,42
1392620220,02-17-2014 01:57:00 GMT-05:00,1.56E-04,67,89.3,0,42
1392620280,02-17-2014 01:58:00 GMT-05:00,1.12E-04,67,88.9,0,42
1392620340,02-17-2014 01:59:00 GMT-05:00,1.71E-04,67,88.7,0,42
1392620400,02-17-2014 02:00:00 GMT-05:00,1.91E-04,67,88.8,0,42
1393557840,02-27-2014 22:24:00 GMT-05:00,5.65E-04,92,86.5,0,43
1393557900,02-27-2014 22:25:00 GMT-05:00,5.43E-04,69,86.5,0,43
1393557960,02-27-2014 22:26:00 GMT-05:00,5.58E-04,69,86.5,0,43
1393558020,02-27-2014 22:27:00 GMT-05:00,5.48E-04,69,86.7,0,43
1393558080,02-27-2014 22:28:00 GMT-05:00,5.46E-04,69,86.8,0,43
1393558140,02-27-2014 22:29:00 GMT-05:00,5.62E-04,69,87,0,43
1393558200,02-27-2014 22:30:00 GMT-05:00,5.47E-04,101,87.1,0,43
1393558260,02-27-2014 22:31:00 GMT-05:00,5.59E-04,106,87.1,0,43
1393558320,02-27-2014 22:32:00 GMT-05:00,5.62E-04,109,87.1,0,43
1393558380,02-27-2014 22:33:00 GMT-05:00,5.82E-04,111,87.1,0,43
1393558440,02-27-2014 22:34:00 GMT-05:00,5.90E-04,109,87,0,43
1393558500,02-27-2014 22:35:00 GMT-05:00,5.32E-04,109,86.9,0,43
1393558560,02-27-2014 22:36:00 GMT-05:00,5.51E-04,66,86.8,0,43
1393558620,02-27-2014 22:37:00 GMT-05:00,4.93E-04,59,86.7,0,43
1393558680,02-27-2014 22:38:00 GMT-05:00,5.44E-04,102,86.7,0,43
1393558740,02-27-2014 22:39:00 GMT-05:00,5.85E-04,60,86.7,0,43
1393558800,02-27-2014 22:40:00 GMT-05:00,5.56E-04,69,86.7,0,43
1393558860,02-27-2014 22:41:00 GMT-05:00,5.50E-04,78,86.7,0,43
1393558920,02-27-2014 22:42:00 GMT-05:00,5.36E-04,109,86.7,0,43
1393558980,02-27-2014 22:43:00 GMT-05:00,5.73E-04,108,86.7,0,43
1393559040,02-27-2014 22:44:00 GMT-05:00,5.56E-04,108,86.8,0,43
1393559100,02-27-2014 22:45:00 GMT-05:00,5.40E-04,108,86.9,0,43
1393559160,02-27-2014 22:46:00 GMT-05:00,5.59E-04,108,87,0,43
1393559220,02-27-2014 22:47:00 GMT-05:00,5.54E-04,84,87.2,0,43
1393559280,02-27-2014 22:48:00 GMT-05:00,5.51E-04,107,87.4,0,43
1393559340,02-27-2014 22:49:00 GMT-05:00,5.53E-04,107,87.6,0,43
1393559400,02-27-2014 22:50:00 GMT-05:00,5.52E-04,71,87.8,0,43
1393559460,02-27-2014 22:51:00 GMT-05:00,5.54E-04,107,88,0,43
1393559520,02-27-2014 22:52:00 GMT-05:00,5.58E-04,55,88.1,0,43
1393559580,02-27-2014 22:53:00 GMT-05:00,5.72E-04,74,88.4,0,43
1393559640,02-27-2014 22:54:00 GMT-05:00,5.73E-04,110,88.6,0,43
1393559700,02-27-2014 22:55:00 GMT-05:00,5.79E-04,89,88.8,0,43
1393559760,02-27-2014 22:56:00 GMT-05:00,6.07E-04,60,89.1,0,43
1393559820,02-27-2014 22:57:00 GMT-05:00,5.62E-04,51,89.5,29,43
1393559880,02-27-2014 22:58:00 GMT-05:00,6.02E-04,51,89.8,0,43
1393559940,02-27-2014 22:59:00 GMT-05:00,5.97E-04,51,89.8,0,43
1393560000,02-27-2014 23:00:00 GMT-05:00,6.08E-04,104,90,0,43
1393560060,02-27-2014 23:01:00 GMT-05:00,6.10E-04,106,90.2,0,43
1393560120,02-27-2014 23:02:00 GMT-05:00,6.04E-04,106,90.4,0,43
1393560180,02-27-2014 23:03:00 GMT-05:00,6.87E-04,114,90.6,0,43
1393560240,02-27-2014 23:04:00 GMT-05:00,6.69E-04,115,90.7,0,43
1393560300,02-27-2014 23:05:00 GMT-05:00,7.81E-04,115,90.7,0,43
1393560360,02-27-2014 23:06:00 GMT-05:00,9.26E-04,107,90.7,0,43
1393560420,02-27-2014 23:07:00 GMT-05:00,0.0011,107,90.7,0,43
1393560480,02-27-2014 23:08:00 GMT-05:00,0.00107,107,90.6,0,43
1393560540,02-27-2014 23:09:00 GMT-05:00,0.00104,102,90.6,0,43
1393560600,02-27-2014 23:10:00 GMT-05:00,0.00121,103,90.7,0,43
1393560660,02-27-2014 23:11:00 GMT-05:00,0.00117,103,90.9,0,43
1393560720,02-27-2014 23:12:00 GMT-05:00,0.00102,106,91,0,43
1393560780,02-27-2014 23:13:00 GMT-05:00,0.00104,107,91.1,0,43
1393560840,02-27-2014 23:14:00 GMT-05:00,0.00101,107,91.2,0,43
1393560900,02-27-2014 23:15:00 GMT-05:00,0.00113,101,91.3,0,43
1393560960,02-27-2014 23:16:00 GMT-05:00,0.0011,104,91.2,0,43
1393561020,02-27-2014 23:17:00 GMT-05:00,0.00102,101,91.2,0,43
1393561080,02-27-2014 23:18:00 GMT-05:00,0.00104,99,91.2,0,43
1393561140,02-27-2014 23:19:00 GMT-05:00,0.00115,99,91.3,0,44
1393561200,02-27-2014 23:20:00 GMT-05:00,0.00108,99,91.3,31,44
1393561260,02-27-2014 23:21:00 GMT-05:00,0.00104,99,91.3,114,44
1393561320,02-27-2014 23:22:00 GMT-05:00,9.74E-04,99,91.1,113,44
1393561380,02-27-2014 23:23:00 GMT-05:00,9.46E-04,99,90.7,28,44
1393561440,02-27-2014 23:24:00 GMT-05:00,9.64E-04,99,90.3,87,44
1393561500,02-27-2014 23:25:00 GMT-05:00,8.53E-04,99,89.8,112,44
1393561560,02-27-2014 23:26:00 GMT-05:00,8.30E-04,99,89.4,52,45
1393561620,02-27-2014 23:27:00 GMT-05:00,7.93E-04,99,88.8,43,45
1393561680,02-27-2014 23:28:00 GMT-05:00,7.75E-04,99,88.2,0,45
1393561740,02-27-2014 23:29:00 GMT-05:00,7.02E-04,99,87.9,0,45
1393561800,02-27-2014 23:30:00 GMT-05:00,7.84E-04,99,87.6,0,46
1393561860,02-27-2014 23:31:00 GMT-05:00,8.08E-04,99,87.6,0,46
1393561920,02-27-2014 23:32:00 GMT-05:00,8.31E-04,116,87.6,6,46
1393561980,02-27-2014 23:33:00 GMT-05:00,8.45E-04,118,87.7,24,46
1393562040,02-27-2014 23:34:00 GMT-05:00,8.31E-04,118,87.8,60,46
1393562100,02-27-2014 23:35:00 GMT-05:00,8.69E-04,118,87.7,79,47
1393562160,02-27-2014 23:36:00 GMT-05:00,8.58E-04,118,87.6,0,47
1393562220,02-27-2014 23:37:00 GMT-05:00,8.72E-04,116,87.6,0,47
1393562280,02-27-2014 23:38:00 GMT-05:00,8.72E-04,116,87.6,20,47
1393562340,02-27-2014 23:39:00 GMT-05:00,8.20E-04,113,87.6,14,47
1393562400,02-27-2014 23:40:00 GMT-05:00,7.75E-04,110,87.8,0,47
1393562460,02-27-2014 23:41:00 GMT-05:00,8.25E-04,111,88,0,48
1393562520,02-27-2014 23:42:00 GMT-05:00,8.52E-04,111,88.2,0,48
1393562580,02-27-2014 23:43:00 GMT-05:00,8.19E-04,111,88.4,0,48
1393562640,02-27-2014 23:44:00 GMT-05:00,8.58E-04,110,88.6,43,48
1393562700,02-27-2014 23:45:00 GMT-05:00,8.74E-04,111,88.8,31,48
1393562760,02-27-2014 23:46:00 GMT-05:00,9.02E-04,111,89,92,48
1393562820,02-27-2014 23:47:00 GMT-05:00,0.00106,111,89.2,0,48
1393562880,02-27-2014 23:48:00 GMT-05:00,0.00107,109,89.4,31,48
1393562940,02-27-2014 23:49:00 GMT-05:00,0.00111,110,89.6,0,49
1393563000,02-27-2014 23:50:00 GMT-05:00,0.00123,99,89.8,35,49
1393563060,02-27-2014 23:51:00 GMT-05:00,0.00118,99,89.8,0,49
1393563120,02-27-2014 23:52:00 GMT-05:00,0.00105,110,90,0,49
1393563180,02-27-2014 23:53:00 GMT-05:00,0.00106,110,90,0,49
1393563240,02-27-2014 23:54:00 GMT-05:00,0.00117,109,90.1,0,49
1393563300,02-27-2014 23:55:00 GMT-05:00,0.00118,109,90.3,0,50
1393563360,02-27-2014 23:56:00 GMT-05:00,0.00113,109,90.3,0,50
1393563420,02-27-2014 23:57:00 GMT-05:00,0.00107,112,90.5,0,50
1393563480,02-27-2014 23:58:00 GMT-05:00,0.00114,107,90.5,0,50
1393563540,02-27-2014 23:59:00 GMT-05:00,0.00124,110,90.6,0,50
1393563600,02-28-2014 00:00:00 GMT-05:00,0.00124,109,90.8,0,51
1393563660,02-28-2014 00:01:00 GMT-05:00,0.00127,107,91,0,51
1393563720,02-28-2014 00:02:00 GMT-05:00,0.00119,108,91.1,0,51
1393563780,02-28-2014 00:03:00 GMT-05:00,0.00128,110,91.2,0,51
1393563840,02-28-2014 00:04:00 GMT-05:00,0.00128,107,91.4,0,51
1393563900,02-28-2014 00:05:00 GMT-05:00,0.00139,111,91.5,0,52
1393563960,02-28-2014 00:06:00 GMT-05:00,0.00141,104,91.6,0,52
1393564020,02-28-2014 00:07:00 GMT-05:00,0.00128,106,91.7,0,52
1393564080,02-28-2014 00:08:00 GMT-05:00,0.00129,105,91.7,0,52
1393564140,02-28-2014 00:09:00 GMT-05:00,0.00135,108,91.6,0,52
1393564200,02-28-2014 00:10:00 GMT-05:00,0.00149,79,91.6,22,52
1393564260,02-28-2014 00:11:00 GMT-05:00,0.00153,79,91.6,0,53
1393564320,02-28-2014 00:12:00 GMT-05:00,0.0013,66,91.6,0,53
1393564380,02-28-2014 00:13:00 GMT-05:00,0.00122,66,91.4,0,53
1393564440,02-28-2014 00:14:00 GMT-05:00,0.00122,66,91.1,39,53
1393564500,02-28-2014 00:15:00 GMT-05:00,0.00113,66,90.7,0,53
1393564560,02-28-2014 00:16:00 GMT-05:00,0.0011,85,90.2,0,53
1393564620,02-28-2014 00:17:00 GMT-05:00,0.00106,85,90,0,53
1393564680,02-28-2014 00:18:00 GMT-05:00,0.00105,85,89.9,0,53
1393564740,02-28-2014 00:19:00 GMT-05:00,0.00108,85,89.8,0,53
1393564800,02-28-2014 00:20:00 GMT-05:00,0.00122,85,89.8,23,54
1393564860,02-28-2014 00:21:00 GMT-05:00,0.00129,111,89.8,0,54
1393564920,02-28-2014 00:22:00 GMT-05:00,0.00134,111,89.8,0,54
1393564980,02-28-2014 00:23:00 GMT-05:00,0.00125,113,89.8,38,54
1393565040,02-28-2014 00:24:00 GMT-05:00,0.00133,113,89.8,71,54
1393565100,02-28-2014 00:25:00 GMT-05:00,0.00144,113,90,98,54
1393565160,02-28-2014 00:26:00 GMT-05:00,0.00141,120,90,21,54
1393565220,02-28-2014 00:27:00 GMT-05:00,0.00129,120,90,0,55
1393565280,02-28-2014 00:28:00 GMT-05:00,0.0013,109,90,0,55
1393565340,02-28-2014 00:29:00 GMT-05:00,0.00135,108,90,0,55
1393565400,02-28-2014 00:30:00 GMT-05:00,0.00132,112,90.3,0,55
1393565460,02-28-2014 00:31:00 GMT-05:00,0.00128,109,90.3,0,55
1393565520,02-28-2014 00:32:00 GMT-05:00,0.00133,111,90.3,0,55
1393565580,02-28-2014 00:33:00 GMT-05:00,0.00133,109,90.5,28,55
1393565640,02-28-2014 00:34:00 GMT-05:00,0.00141,109,90.6,0,56
1393565700,02-28-2014 00:35:00 GMT-05:00,0.00134,112,90.7,0,56
1393565760,02-28-2014 00:36:00 GMT-05:00,0.00135,110,90.7,0,56
1393565820,02-28-2014 00:37:00 GMT-05:00,0.00127,111,90.7,0,56
1393565880,02-28-2014 00:38:00 GMT-05:00,0.00129,114,90.6,0,56
1393565940,02-28-2014 00:39:00 GMT-05:00,0.00124,114,90.5,0,56
1393566000,02-28-2014 00:40:00 GMT-05:00,0.00129,101,90.5,0,57
1393566060,02-28-2014 00:41:00 GMT-05:00,0.00129,99,90.6,0,57
1393566120,02-28-2014 00:42:00 GMT-05:00,0.00123,101,90.7,0,57
1393566180,02-28-2014 00:43:00 GMT-05:00,0.00125,101,90.7,0,57
1393566240,02-28-2014 00:44:00 GMT-05:00,0.00124,101,90.9,0,57
1393566300,02-28-2014 00:45:00 GMT-05:00,0.00125,100,91,0,57
1393566360,02-28-2014 00:46:00 GMT-05:00,0.00127,102,91,0,57
1393566420,02-28-2014 00:47:00 GMT-05:00,0.00127,101,91.1,0,57
1393566480,02-28-2014 00:48:00 GMT-05:00,0.0015,100,91.2,0,57
1393566540,02-28-2014 00:49:00 GMT-05:00,0.0016,97,91.4,0,58
1393566600,02-28-2014 00:50:00 GMT-05:00,0.00169,101,91.4,0,58
1393566660,02-28-2014 00:51:00 GMT-05:00,0.00152,101,91.4,0,58
1393566720,02-28-2014 00:52:00 GMT-05:00,0.0015,100,91.4,0,58
1393566780,02-28-2014 00:53:00 GMT-05:00,0.00154,103,91.6,0,58
1393566840,02-28-2014 00:54:00 GMT-05:00,0.00169,102,91.6,0,59
1393566900,02-28-2014 00:55:00 GMT-05:00,0.00163,97,91.6,0,59
1393566960,02-28-2014 00:56:00 GMT-05:00,0.0015,99,91.6,0,59
1393567020,02-28-2014 00:57:00 GMT-05:00,0.0015,102,91.7,0,59
1393567080,02-28-2014 00:58:00 GMT-05:00,0.00149,101,91.9,0,59
1393567140,02-28-2014 00:59:00 GMT-05:00,0.00152,101,91.9,0,59
1393567200,02-28-2014 01:00:00 GMT-05:00,0.00152,102,91.9,0,60
1393567260,02-28-2014 01:01:00 GMT-05:00,0.00151,101,92.1,0,60
1393567320,02-28-2014 01:02:00 GMT-05:00,0.00168,96,92.1,0,60
1393567380,02-28-2014 01:03:00 GMT-05:00,0.00169,90,92.2,0,60
1393567440,02-28-2014 01:04:00 GMT-05:00,0.00183,99,92.3,0,60
1393567500,02-28-2014 01:05:00 GMT-05:00,0.00186,104,92.3,0,60
1393567560,02-28-2014 01:06:00 GMT-05:00,0.00191,101,92.5,0,60
1393567620,02-28-2014 01:07:00 GMT-05:00,0.00195,100,92.5,0,60
1393567680,02-28-2014 01:08:00 GMT-05:00,0.00205,100,92.5,0,60
1393567740,02-28-2014 01:09:00 GMT-05:00,0.00216,99,92.5,0,61
1393567800,02-28-2014 01:10:00 GMT-05:00,0.00212,99,92.5,0,61
1393567860,02-28-2014 01:11:00 GMT-05:00,0.0023,98,92.5,24,61
1393567920,02-28-2014 01:12:00 GMT-05:00,0.00267,98,92.4,0,61
1393567980,02-28-2014 01:13:00 GMT-05:00,0.0028,98,92.3,0,61
1393568040,02-28-2014 01:14:00 GMT-05:00,0.00302,98,92.2,0,61
1393568100,02-28-2014 01:15:00 GMT-05:00,0.00894,98,92.1,0,61
1393568160,02-28-2014 01:16:00 GMT-05:00,0.0357,98,92.1,0,61
1393568220,02-28-2014 01:17:00 GMT-05:00,0.112,98,92.1,0,61
1393568280,02-28-2014 01:18:00 GMT-05:00,0.59,113,92.1,38,61
1393568340,02-28-2014 01:19:00 GMT-05:00,0.932,104,92.1,0,61
1393568400,02-28-2014 01:20:00 GMT-05:00,0.954,102,92.1,0,61
1393568460,02-28-2014 01:21:00 GMT-05:00,1.41,98,92.1,0,61
1393568520,02-28-2014 01:22:00 GMT-05:00,1.93,103,92,44,61
1393568580,02-28-2014 01:23:00 GMT-05:00,2.01,103,91.9,0,61
1393568640,02-28-2014 01:24:00 GMT-05:00,1.8,103,91.9,0,61
1393568700,02-28-2014 01:25:00 GMT-05:00,1.75,103,91.6,85,61
1393568760,02-28-2014 01:26:00 GMT-05:00,1.87,103,91.2,103,61
1393568820,02-28-2014 01:27:00 GMT-05:00,1.68,103,90.7,104,61
1393568880,02-28-2014 01:28:00 GMT-05:00,1.51,103,90.2,110,61
1393568940,02-28-2014 01:29:00 GMT-05:00,1.3,103,89.6,108,61
1393569000,02-28-2014 01:30:00 GMT-05:00,1.34,103,89,106,61
1393569060,02-28-2014 01:31:00 GMT-05:00,2.42,103,88.3,0,61
1393569120,02-28-2014 01:32:00 GMT-05:00,1.87,103,87.7,0,61
1393569180,02-28-2014 01:33:00 GMT-05:00,0.712,103,87.1,0,61
1393569240,02-28-2014 01:34:00 GMT-05:00,0.625,103,86.7,0,61
1393569300,02-28-2014 01:35:00 GMT-05:00,0.552,103,86.7,0,61
1393569360,02-28-2014 01:36:00 GMT-05:00,0.448,86,86.8,18,61
1393569420,02-28-2014 01:37:00 GMT-05:00,0.446,90,87,0,61
1393569480,02-28-2014 01:38:00 GMT-05:00,0.453,89,87.2,0,61
1393569540,02-28-2014 01:39:00 GMT-05:00,0.433,91,87.5,0,61
1393569600,02-28-2014 01:40:00 GMT-05:00,0.403,89,87.8,0,61
1393569660,02-28-2014 01:41:00 GMT-05:00,0.424,89,88.1,0,61
1393569720,02-28-2014 01:42:00 GMT-05:00,0.437,90,88.3,0,61
1393569780,02-28-2014 01:43:00 GMT-05:00,0.401,88,88.6,0,61
1393569840,02-28-2014 01:44:00 GMT-05:00,0.35,88,88.8,0,61
1393569900,02-28-2014 01:45:00 GMT-05:00,0.346,87,88.9,0,61
1393569960,02-28-2014 01:46:00 GMT-05:00,0.315,87,89.1,0,61
1393570020,02-28-2014 01:47:00 GMT-05:00,0.306,87,89.2,0,61
1393570080,02-28-2014 01:48:00 GMT-05:00,0.304,84,89.4,0,61
1393570140,02-28-2014 01:49:00 GMT-05:00,0.276,85,89.6,0,61
1393570200,02-28-2014 01:50:00 GMT-05:00,0.271,84,89.8,0,61
1393570260,02-28-2014 01:51:00 GMT-05:00,0.256,84,89.9,0,61
1393570320,02-28-2014 01:52:00 GMT-05:00,0.279,85,90.1,0,61
1393570380,02-28-2014 01:53:00 GMT-05:00,0.281,84,90.3,0,61
1393570440,02-28-2014 01:54:00 GMT-05:00,0.293,82,90.3,0,61
1393570500,02-28-2014 01:55:00 GMT-05:00,0.268,79,90.3,0,61
1393570560,02-28-2014 01:56:00 GMT-05:00,0.266,81,90.3,0,61
1393570620,02-28-2014 01:57:00 GMT-05:00,0.252,79,90.3,0,61
1393570680,02-28-2014 01:58:00 GMT-05:00,0.244,78,90.3,0,61
1393570740,02-28-2014 01:59:00 GMT-05:00,0.243,77,90.3,0,61
1393570800,02-28-2014 02:00:00 GMT-05:00,0.227,77,90.3,0,61
1393570860,02-28-2014 02:01:00 GMT-05:00,0.213,77,90.3,0,61
1393570920,02-28-2014 02:02:00 GMT-05:00,0.208,76,90.3,0,61
1393570980,02-28-2014 02:03:00 GMT-05:00,0.202,74,90.3,0,61
1396306380,03-31-2014 18:53:00 GMT-04:00,2.62E-04,82,93.1,0,62
1396306440,03-31-2014 18:54:00 GMT-04:00,3.12E-04,82,93,0,62
1396306500,03-31-2014 18:55:00 GMT-04:00,2.71E-04,81,93,0,62
1396306560,03-31-2014 18:56:00 GMT-04:00,2.56E-04,81,93,0,62
1396306620,03-31-2014 18:57:00 GMT-04:00,2.31E-04,82,93,0,62
1396306680,03-31-2014 18:58:00 GMT-04:00,2.67E-04,82,93,0,62
1396306740,03-31-2014 18:59:00 GMT-04:00,3.98E-04,82,93,0,62
1396306800,03-31-2014 19:00:00 GMT-04:00,4.15E-04,80,93,0,62
1396306860,03-31-2014 19:01:00 GMT-04:00,4.26E-04,79,93,0,62
1396306920,03-31-2014 19:02:00 GMT-04:00,4.16E-04,80,93,0,62
1396306980,03-31-2014 19:03:00 GMT-04:00,4.31E-04,81,93,0,62
1396307040,03-31-2014 19:04:00 GMT-04:00,4.37E-04,80,93,0,62
1396307100,03-31-2014 19:05:00 GMT-04:00,4.35E-04,82,93,0,62
1396307160,03-31-2014 19:06:00 GMT-04:00,2.90E-04,80,93,0,62
1396307220,03-31-2014 19:07:00 GMT-04:00,1.94E-04,76,93,0,62
1396307280,03-31-2014 19:08:00 GMT-04:00,2.48E-04,80,93,0,62
1396307340,03-31-2014 19:09:00 GMT-04:00,3.99E-04,80,93.1,0,62
1396307400,03-31-2014 19:10:00 GMT-04:00,4.42E-04,81,93.2,0,62
1396307460,03-31-2014 19:11:00 GMT-04:00,2.99E-04,82,93.2,0,62
1396307520,03-31-2014 19:12:00 GMT-04:00,1.80E-04,79,93,0,62
1396307580,03-31-2014 19:13:00 GMT-04:00,3.40E-04,78,93.1,0,62
1396307640,03-31-2014 19:14:00 GMT-04:00,3.61E-04,78,93.1,0,62
1396307700,03-31-2014 19:15:00 GMT-04:00,2.25E-04,79,92.9,0,62
1396307760,03-31-2014 19:16:00 GMT-04:00,1.90E-04,79,92.8,0,62
1396307820,03-31-2014 19:17:00 GMT-04:00,1.49E-04,71,92.8,0,62
1396307880,03-31-2014 19:18:00 GMT-04:00,2.56E-04,71,92.8,0,62
1396307940,03-31-2014 19:19:00 GMT-04:00,2.55E-04,76,92.8,0,62
1396308000,03-31-2014 19:20:00 GMT-04:00,2.06E-04,81,92.8,0,62
1396308060,03-31-2014 19:21:00 GMT-04:00,2.12E-04,80,92.8,0,62
1396308120,03-31-2014 19:22:00 GMT-04:00,1.90E-04,75,92.8,21,62
1396308180,03-31-2014 19:23:00 GMT-04:00,1.63E-04,75,92.8,0,62
1396308240,03-31-2014 19:24:00 GMT-04:00,1.82E-04,75,92.7,0,62
1396308300,03-31-2014 19:25:00 GMT-04:00,3.20E-04,75,92.5,0,62
1396308360,03-31-2014 19:26:00 GMT-04:00,1.54E-04,75,92.4,0,62
1396308420,03-31-2014 19:27:00 GMT-04:00,2.21E-04,75,92.1,0,62
1396308480,03-31-2014 19:28:00 GMT-04:00,1.84E-04,75,91.9,0,62
1396308540,03-31-2014 19:29:00 GMT-04:00,1.88E-04,75,91.6,0,62
1396308600,03-31-2014 19:30:00 GMT-04:00,2.06E-04,75,91.6,0,62
1396308660,03-31-2014 19:31:00 GMT-04:00,2.94E-04,75,91.6,0,62
1396308720,03-31-2014 19:32:00 GMT-04:00,1.79E-04,75,91.6,0,62
1396308780,03-31-2014 19:33:00 GMT-04:00,2.57E-04,75,91.5,19,62
1396308840,03-31-2014 19:34:00 GMT-04:00,2.83E-04,75,91.4,0,62
1396308900,03-31-2014 19:35:00 GMT-04:00,2.64E-04,53,91.1,0,62
1396308960,03-31-2014 19:36:00 GMT-04:00,2.93E-04,79,91,0,62
1396309020,03-31-2014 19:37:00 GMT-04:00,3.62E-04,90,91,0,62
1396309080,03-31-2014 19:38:00 GMT-04:00,2.83E-04,94,91.2,0,62
1396309140,03-31-2014 19:39:00 GMT-04:00,2.45E-04,94,91.4,27,62
1396309200,03-31-2014 19:40:00 GMT-04:00,2.89E-04,94,91.4,0,62
1396309260,03-31-2014 19:41:00 GMT-04:00,2.44E-04,94,91.4,0,62
1396309320,03-31-2014 19:42:00 GMT-04:00,3.51E-04,98,91.5,0,62
1396309380,03-31-2014 19:43:00 GMT-04:00,4.39E-04,98,91.6,0,62
1396309440,03-31-2014 19:44:00 GMT-04:00,4.05E-04,98,91.6,29,62
1396309500,03-31-2014 19:45:00 GMT-04:00,8.46E-04,98,91.4,47,62
1396309560,03-31-2014 19:46:00 GMT-04:00,4.77E-04,98,91.6,118,62
1396309620,03-31-2014 19:47:00 GMT-04:00,6.84E-04,98,91.4,39,62
1396309680,03-31-2014 19:48:00 GMT-04:00,4.84E-04,98,91,60,62
1396309740,03-31-2014 19:49:00 GMT-04:00,4.57E-04,98,90.6,111,62
1396309800,03-31-2014 19:50:00 GMT-04:00,4.51E-04,98,90.1,89,62
1396309860,03-31-2014 19:51:00 GMT-04:00,5.18E-04,98,89.7,0,62
1396309920,03-31-2014 19:52:00 GMT-04:00,5.95E-04,98,89.4,52,62
1396309980,03-31-2014 19:53:00 GMT-04:00,7.87E-04,98,89.1,14,62
1396310040,03-31-2014 19:54:00 GMT-04:00,0.00139,98,88.8,0,62
1396310100,03-31-2014 19:55:00 GMT-04:00,0.0029,60,88.7,0,62
1396310160,03-31-2014 19:56:00 GMT-04:00,0.00334,60,88.7,0,62
1396310220,03-31-2014 19:57:00 GMT-04:00,0.00553,60,88.7,0,62
1396310280,03-31-2014 19:58:00 GMT-04:00,0.007,49,88.8,0,62
1396310340,03-31-2014 19:59:00 GMT-04:00,0.0116,49,88.9,0,62
1396310400,03-31-2014 20:00:00 GMT-04:00,0.0155,49,89.1,0,62
1396310460,03-31-2014 20:01:00 GMT-04:00,0.0188,49,89.3,0,62
1396310520,03-31-2014 20:02:00 GMT-04:00,0.025,49,89.4,0,62
1396310580,03-31-2014 20:03:00 GMT-04:00,0.022,56,89.5,0,62
1396310640,03-31-2014 20:04:00 GMT-04:00,0.0227,52,89.8,0,62
1396310700,03-31-2014 20:05:00 GMT-04:00,0.0216,96,90.3,0,62
1396310760,03-31-2014 20:06:00 GMT-04:00,0.0227,97,90.8,0,62
1396310820,03-31-2014 20:07:00 GMT-04:00,0.0219,97,91.4,0,62
1396310880,03-31-2014 20:08:00 GMT-04:00,0.023,97,91.9,0,62
1396310940,03-31-2014 20:09:00 GMT-04:00,0.0233,97,92.1,0,62
1396311000,03-31-2014 20:10:00 GMT-04:00,0.0146,97,92.1,0,63
1396311060,03-31-2014 20:11:00 GMT-04:00,0.0134,81,92.1,0,63
1396311120,03-31-2014 20:12:00 GMT-04:00,0.011,81,92,0,63
1396311180,03-31-2014 20:13:00 GMT-04:00,0.0111,93,92.1,0,63
1396311240,03-31-2014 20:14:00 GMT-04:00,0.0116,87,92.1,0,63
1396311300,03-31-2014 20:15:00 GMT-04:00,0.0122,89,92.2,17,64
1396311360,03-31-2014 20:16:00 GMT-04:00,0.0114,74,92.3,0,64
1396311420,03-31-2014 20:17:00 GMT-04:00,0.007,62,92.5,0,64
1396311480,03-31-2014 20:18:00 GMT-04:00,0.0057,51,92.7,0,64
1396311540,03-31-2014 20:19:00 GMT-04:00,0.00501,90,92.8,0,64
1396311600,03-31-2014 20:20:00 GMT-04:00,0.00416,61,93,0,64
1396311660,03-31-2014 20:21:00 GMT-04:00,0.0044,61,93.1,0,64
1396311720,03-31-2014 20:22:00 GMT-04:00,0.00456,61,93.2,0,64
1396311780,03-31-2014 20:23:00 GMT-04:00,0.0038,61,93.4,0,64
1396311840,03-31-2014 20:24:00 GMT-04:00,0.0034,90,93.4,0,64
1396311900,03-31-2014 20:25:00 GMT-04:00,0.00293,90,93.6,0,64
1396311960,03-31-2014 20:26:00 GMT-04:00,0.00293,89,93.8,0,64
1396312020,03-31-2014 20:27:00 GMT-04:00,0.00296,89,93.9,0,64
1396312080,03-31-2014 20:28:00 GMT-04:00,0.00259,92,94.1,0,64
1396312140,03-31-2014 20:29:00 GMT-04:00,0.00271,89,94.1,0,64
1396312200,03-31-2014 20:30:00 GMT-04:00,0.00226,69,94.3,0,64
1396312260,03-31-2014 20:31:00 GMT-04:00,0.00208,88,94.3,0,64
1396312320,03-31-2014 20:32:00 GMT-04:00,0.00211,90,94.3,0,65
1396312380,03-31-2014 20:33:00 GMT-04:00,0.00202,90,94.5,0,65
1396312440,03-31-2014 20:34:00 GMT-04:00,0.00237,98,94.5,0,65
1396312500,03-31-2014 20:35:00 GMT-04:00,0.00202,90,94.5,0,65
1396312560,03-31-2014 20:36:00 GMT-04:00,0.00185,91,94.7,0,65
1396312620,03-31-2014 20:37:00 GMT-04:00,0.00154,93,94.8,0,65
1396312680,03-31-2014 20:38:00 GMT-04:00,0.00133,90,94.8,0,65
1396312740,03-31-2014 20:39:00 GMT-04:00,0.00123,93,94.8,0,65
1396312800,03-31-2014 20:40:00 GMT-04:00,0.00118,95,94.8,0,66
1396312860,03-31-2014 20:41:00 GMT-04:00,0.00114,95,94.8,0,66
1396312920,03-31-2014 20:42:00 GMT-04:00,0.00106,62,94.8,0,66
1396312980,03-31-2014 20:43:00 GMT-04:00,0.00309,98,94.8,0,66
1396313040,03-31-2014 20:44:00 GMT-04:00,7.93E-04,98,94.7,0,66
1396313100,03-31-2014 20:45:00 GMT-04:00,8.08E-04,54,94.8,0,66
1396313160,03-31-2014 20:46:00 GMT-04:00,6.82E-04,89,94.8,0,67
1396313220,03-31-2014 20:47:00 GMT-04:00,6.83E-04,64,94.8,0,67
1396313280,03-31-2014 20:48:00 GMT-04:00,6.83E-04,64,94.8,0,67
1396313340,03-31-2014 20:49:00 GMT-04:00,6.81E-04,82,94.8,0,68
1396313400,03-31-2014 20:50:00 GMT-04:00,6.38E-04,84,95,0,68
1396313460,03-31-2014 20:51:00 GMT-04:00,6.33E-04,84,95,9,69
1396313520,03-31-2014 20:52:00 GMT-04:00,6.31E-04,86,95,0,69
1396313580,03-31-2014 20:53:00 GMT-04:00,6.40E-04,88,95,0,69
1396313640,03-31-2014 20:54:00 GMT-04:00,6.08E-04,89,95,0,70
1396313700,03-31-2014 20:55:00 GMT-04:00,6.32E-04,91,95,0,70
1396313760,03-31-2014 20:56:00 GMT-04:00,6.12E-04,92,95,0,70
1396313820,03-31-2014 20:57:00 GMT-04:00,6.19E-04,88,95,0,71
1396313880,03-31-2014 20:58:00 GMT-04:00,6.15E-04,86,94.8,0,71
1396313940,03-31-2014 20:59:00 GMT-04:00,6.23E-04,87,94.8,0,71
1396314000,03-31-2014 21:00:00 GMT-04:00,6.13E-04,85,94.8,0,71
1396314060,03-31-2014 21:01:00 GMT-04:00,6.01E-04,85,94.8,0,71
1396314120,03-31-2014 21:02:00 GMT-04:00,6.39E-04,85,94.8,0,71
1396314180,03-31-2014 21:03:00 GMT-04:00,6.12E-04,84,94.8,0,71
1396314240,03-31-2014 21:04:00 GMT-04:00,6.11E-04,86,94.8,0,71
1396314300,03-31-2014 21:05:00 GMT-04:00,6.09E-04,84,94.8,0,71
1396314360,03-31-2014 21:06:00 GMT-04:00,6.08E-04,78,94.8,0,71
1396314420,03-31-2014 21:07:00 GMT-04:00,6.24E-04,86,94.8,0,71
1396314480,03-31-2014 21:08:00 GMT-04:00,6.21E-04,85,94.8,0,72
1396314540,03-31-2014 21:09:00 GMT-04:00,7.35E-04,85,95,0,72
1396314600,03-31-2014 21:10:00 GMT-04:00,7.26E-04,85,94.9,0,72
1396314660,03-31-2014 21:11:00 GMT-04:00,6.95E-04,85,94.8,0,72
1396314720,03-31-2014 21:12:00 GMT-04:00,7.22E-04,84,94.5,0,72
1396314780,03-31-2014 21:13:00 GMT-04:00,7.21E-04,83,94.3,0,72
1396314840,03-31-2014 21:14:00 GMT-04:00,7.50E-04,83,94.1,0,72
1396314900,03-31-2014 21:15:00 GMT-04:00,7.91E-04,87,94.1,0,72
1396314960,03-31-2014 21:16:00 GMT-04:00,7.76E-04,87,94,0,72
1396315020,03-31-2014 21:17:00 GMT-04:00,7.30E-04,87,93.9,0,72
1396315080,03-31-2014 21:18:00 GMT-04:00,7.68E-04,88,93.7,0,72
1396315140,03-31-2014 21:19:00 GMT-04:00,7.42E-04,90,93.6,0,72
1396315200,03-31-2014 21:20:00 GMT-04:00,7.17E-04,85,93.6,0,72
1396315260,03-31-2014 21:21:00 GMT-04:00,6.67E-04,85,93.4,0,72
1396315320,03-31-2014 21:22:00 GMT-04:00,6.49E-04,85,93.4,0,72
1396315380,03-31-2014 21:23:00 GMT-04:00,6.41E-04,85,93.4,0,72
1396315440,03-31-2014 21:24:00 GMT-04:00,6.22E-04,85,93.4,0,72
1396315500,03-31-2014 21:25:00 GMT-04:00,6.65E-04,84,93.4,0,72
1396315560,03-31-2014 21:26:00 GMT-04:00,6.58E-04,82,93.4,0,73
1396315620,03-31-2014 21:27:00 GMT-04:00,6.46E-04,84,93.4,41,73
1396315680,03-31-2014 21:28:00 GMT-04:00,6.71E-04,85,93.4,0,73
1396315740,03-31-2014 21:29:00 GMT-04:00,6.65E-04,86,93.2,0,73
1396315800,03-31-2014 21:30:00 GMT-04:00,6.51E-04,86,93.2,0,73
1396315860,03-31-2014 21:31:00 GMT-04:00,6.64E-04,83,93.2,0,73
1396315920,03-31-2014 21:32:00 GMT-04:00,6.23E-04,83,93.2,0,73
1396315980,03-31-2014 21:33:00 GMT-04:00,6.45E-04,84,93.3,0,74
1396316040,03-31-2014 21:34:00 GMT-04:00,5.64E-04,82,93.4,0,74
1396316100,03-31-2014 21:35:00 GMT-04:00,6.64E-04,82,93.6,0,74
1396316160,03-31-2014 21:36:00 GMT-04:00,6.68E-04,72,93.6,0,74
1396316220,03-31-2014 21:37:00 GMT-04:00,6.76E-04,82,93.6,18,74
1396316280,03-31-2014 21:38:00 GMT-04:00,6.65E-04,81,93.8,2,75
1396316340,03-31-2014 21:39:00 GMT-04:00,5.90E-04,82,93.9,0,75
1396316400,03-31-2014 21:40:00 GMT-04:00,6.52E-04,76,93.9,0,75
1396316460,03-31-2014 21:41:00 GMT-04:00,6.86E-04,80,93.9,0,75
1396316520,03-31-2014 21:42:00 GMT-04:00,6.69E-04,80,93.9,0,75
1396316580,03-31-2014 21:43:00 GMT-04:00,6.74E-04,85,93.9,0,75
1396316640,03-31-2014 21:44:00 GMT-04:00,6.40E-04,78,94,0,75
1396316700,03-31-2014 21:45:00 GMT-04:00,6.57E-04,83,94.1,0,75
1396316760,03-31-2014 21:46:00 GMT-04:00,6.48E-04,54,94.2,0,75
1396316820,03-31-2014 21:47:00 GMT-04:00,6.33E-04,78,94.3,0,76
1396316880,03-31-2014 21:48:00 GMT-04:00,6.56E-04,78,94.3,0,76
1396316940,03-31-2014 21:49:00 GMT-04:00,6.45E-04,80,94.3,0,76
1396317000,03-31-2014 21:50:00 GMT-04:00,6.43E-04,82,94.3,0,76
1396317060,03-31-2014 21:51:00 GMT-04:00,6.61E-04,82,94.3,0,76
1396317120,03-31-2014 21:52:00 GMT-04:00,6.75E-04,81,94.3,0,76
1396317180,03-31-2014 21:53:00 GMT-04:00,6.28E-04,81,94.4,0,76
1396317240,03-31-2014 21:54:00 GMT-04:00,6.45E-04,81,94.5,0,76
1396317300,03-31-2014 21:55:00 GMT-04:00,6.61E-04,80,94.5,0,76
1396317360,03-31-2014 21:56:00 GMT-04:00,6.61E-04,75,94.5,0,76
1396317420,03-31-2014 21:57:00 GMT-04:00,6.37E-04,72,94.5,0,76
1396317480,03-31-2014 21:58:00 GMT-04:00,6.31E-04,82,94.7,0,76
1396317540,03-31-2014 21:59:00 GMT-04:00,6.45E-04,80,94.8,0,76
1396317600,03-31-2014 22:00:00 GMT-04:00,6.53E-04,78,94.8,0,76
1396317660,03-31-2014 22:01:00 GMT-04:00,6.38E-04,76,94.8,0,76
1396317720,03-31-2014 22:02:00 GMT-04:00,6.46E-04,81,94.8,0,76
1396317780,03-31-2014 22:03:00 GMT-04:00,6.66E-04,82,94.8,0,76
1396317840,03-31-2014 22:04:00 GMT-04:00,6.46E-04,78,94.8,0,76
1396317900,03-31-2014 22:05:00 GMT-04:00,6.81E-04,78,94.8,9,76
1396317960,03-31-2014 22:06:00 GMT-04:00,6.66E-04,78,94.8,0,76
1396318020,03-31-2014 22:07:00 GMT-04:00,6.45E-04,76,94.8,0,76
1396318080,03-31-2014 22:08:00 GMT-04:00,6.34E-04,80,94.8,0,76
1396318140,03-31-2014 22:09:00 GMT-04:00,6.52E-04,80,94.8,0,76
1396318200,03-31-2014 22:10:00 GMT-04:00,6.43E-04,82,94.9,0,76
1396318260,03-31-2014 22:11:00 GMT-04:00,6.55E-04,80,95,15,76
1396318320,03-31-2014 22:12:00 GMT-04:00,6.67E-04,80,95,0,76
1396318380,03-31-2014 22:13:00 GMT-04:00,6.56E-04,79,95,0,76
1396318440,03-31-2014 22:14:00 GMT-04:00,6.89E-04,53,95,0,76
1396318500,03-31-2014 22:15:00 GMT-04:00,6.71E-04,79,95,0,76
1396318560,03-31-2014 22:16:00 GMT-04:00,6.69E-04,81,95,0,76
1396318620,03-31-2014 22:17:00 GMT-04:00,7.22E-04,74,95,0,77
1396318680,03-31-2014 22:18:00 GMT-04:00,6.88E-04,81,95,0,77
1396318740,03-31-2014 22:19:00 GMT-04:00,6.57E-04,56,95,0,77
1396318800,03-31-2014 22:20:00 GMT-04:00,6.39E-04,67,95,0,77
1396318860,03-31-2014 22:21:00 GMT-04:00,6.76E-04,59,95,0,77
1396318920,03-31-2014 22:22:00 GMT-04:00,6.70E-04,78,95,0,77
1396318980,03-31-2014 22:23:00 GMT-04:00,6.57E-04,66,95,0,77
1396319040,03-31-2014 22:24:00 GMT-04:00,6.79E-04,73,94.9,0,77
1396319100,03-31-2014 22:25:00 GMT-04:00,6.66E-04,77,94.8,0,77
1396319160,03-31-2014 22:26:00 GMT-04:00,6.73E-04,77,94.8,0,78
1396319220,03-31-2014 22:27:00 GMT-04:00,6.82E-04,78,94.8,0,78
1396319280,03-31-2014 22:28:00 GMT-04:00,6.58E-04,79,94.9,20,78
1396319340,03-31-2014 22:29:00 GMT-04:00,6.88E-04,78,94.9,0,79
1396319400,03-31-2014 22:30:00 GMT-04:00,6.90E-04,76,94.8,0,79
1396319460,03-31-2014 22:31:00 GMT-04:00,6.79E-04,76,94.8,0,79
1396319520,03-31-2014 22:32:00 GMT-04:00,6.98E-04,83,94.8,37,80
1396319580,03-31-2014 22:33:00 GMT-04:00,6.74E-04,74,94.8,0,80
1396319640,03-31-2014 22:34:00 GMT-04:00,6.87E-04,77,94.5,0,80
1396319700,03-31-2014 22:35:00 GMT-04:00,6.64E-04,67,94.5,0,80
1396319760,03-31-2014 22:36:00 GMT-04:00,6.83E-04,76,94.3,0,80
1396319820,03-31-2014 22:37:00 GMT-04:00,8.30E-04,79,94.2,0,80
1396319880,03-31-2014 22:38:00 GMT-04:00,8.46E-04,74,94.1,0,80
1396319940,03-31-2014 22:39:00 GMT-04:00,8.07E-04,78,94.1,0,80
1396320000,03-31-2014 22:40:00 GMT-04:00,7.81E-04,77,94.1,0,80
1396320060,03-31-2014 22:41:00 GMT-04:00,7.74E-04,76,94.1,0,80
1396320120,03-31-2014 22:42:00 GMT-04:00,7.69E-04,77,94.1,0,80
1396320180,03-31-2014 22:43:00 GMT-04:00,7.56E-04,81,94.3,0,81
1396320240,03-31-2014 22:44:00 GMT-04:00,7.68E-04,79,94.3,53,81
1396320300,03-31-2014 22:45:00 GMT-04:00,7.44E-04,92,94.3,9,81
1396320360,03-31-2014 22:46:00 GMT-04:00,8.65E-04,92,94.2,0,81
1396320420,03-31-2014 22:47:00 GMT-04:00,8.82E-04,92,94,0,81
1396320480,03-31-2014 22:48:00 GMT-04:00,0.00132,92,93.8,0,81
1396320540,03-31-2014 22:49:00 GMT-04:00,0.00211,92,93.6,91,81
1396320600,03-31-2014 22:50:00 GMT-04:00,0.00175,92,93.3,103,81
1396320660,03-31-2014 22:51:00 GMT-04:00,0.00147,92,92.7,103,81
1396320720,03-31-2014 22:52:00 GMT-04:00,0.00134,92,92,108,81
1396320780,03-31-2014 22:53:00 GMT-04:00,0.00122,92,91.1,69,81
1396320840,03-31-2014 22:54:00 GMT-04:00,0.00129,92,90.1,0,81
1396320900,03-31-2014 22:55:00 GMT-04:00,0.00121,92,89.3,0,81
1396320960,03-31-2014 22:56:00 GMT-04:00,0.00122,84,88.9,0,81
1396321020,03-31-2014 22:57:00 GMT-04:00,0.00129,86,88.8,10,81
1396321080,03-31-2014 22:58:00 GMT-04:00,0.00124,86,88.5,7,81
1396321140,03-31-2014 22:59:00 GMT-04:00,0.00126,86,88.6,0,81
1396321200,03-31-2014 23:00:00 GMT-04:00,0.00127,78,88.8,0,81
1396321260,03-31-2014 23:01:00 GMT-04:00,0.00123,78,89.1,0,81
1396321320,03-31-2014 23:02:00 GMT-04:00,0.00117,68,89.5,0,81
1396321380,03-31-2014 23:03:00 GMT-04:00,0.0012,64,89.7,0,81
1396321440,03-31-2014 23:04:00 GMT-04:00,0.00122,70,89.9,0,81
1396321500,03-31-2014 23:05:00 GMT-04:00,0.00112,70,90.1,0,81
1396321560,03-31-2014 23:06:00 GMT-04:00,0.00118,70,90.3,0,81
1396321620,03-31-2014 23:07:00 GMT-04:00,0.00116,69,90.5,0,81
1396321680,03-31-2014 23:08:00 GMT-04:00,0.00123,72,90.6,0,81
1396321740,03-31-2014 23:09:00 GMT-04:00,0.00122,68,90.8,0,81
1396321800,03-31-2014 23:10:00 GMT-04:00,0.0011,69,91,0,81
1396321860,03-31-2014 23:11:00 GMT-04:00,0.00115,70,91.1,0,81
1396321920,03-31-2014 23:12:00 GMT-04:00,0.00112,68,91.2,0,81
1396321980,03-31-2014 23:13:00 GMT-04:00,0.00114,70,91.3,0,81
1396322040,03-31-2014 23:14:00 GMT-04:00,0.00107,71,91.4,0,81
1396322100,03-31-2014 23:15:00 GMT-04:00,0.00111,74,91.4,0,81
1396322160,03-31-2014 23:16:00 GMT-04:00,0.00111,70,91.6,0,81
1396322220,03-31-2014 23:17:00 GMT-04:00,0.00113,71,91.6,0,81
1396322280,03-31-2014 23:18:00 GMT-04:00,0.00112,71,91.6,0,81
1396322340,03-31-2014 23:19:00 GMT-04:00,0.00108,69,91.7,0,81
1396322400,03-31-2014 23:20:00 GMT-04:00,0.00118,70,91.8,0,81
1396322460,03-31-2014 23:21:00 GMT-04:00,0.00111,68,91.9,0,81
1396322520,03-31-2014 23:22:00 GMT-04:00,0.00115,68,91.9,0,81
1396322580,03-31-2014 23:23:00 GMT-04:00,0.00113,67,91.9,0,81
1396322640,03-31-2014 23:24:00 GMT-04:00,0.00114,65,91.9,0,81
1396322700,03-31-2014 23:25:00 GMT-04:00,6.94E-04,67,92.1,0,81
1396322760,03-31-2014 23:26:00 GMT-04:00,6.77E-04,69,92.1,0,81
1396322820,03-31-2014 23:27:00 GMT-04:00,6.88E-04,67,92.1,0,81
1396322880,03-31-2014 23:28:00 GMT-04:00,6.67E-04,68,92.1,0,81
1396322940,03-31-2014 23:29:00 GMT-04:00,6.62E-04,67,92.2,0,81
1396323000,03-31-2014 23:30:00 GMT-04:00,7.17E-04,67,92.3,0,81
1396323060,03-31-2014 23:31:00 GMT-04:00,6.95E-04,68,92.3,0,81
1396323120,03-31-2014 23:32:00 GMT-04:00,7.34E-04,67,92.5,0,81
1396323180,03-31-2014 23:33:00 GMT-04:00,7.32E-04,67,92.5,0,81
1396323240,03-31-2014 23:34:00 GMT-04:00,7.05E-04,68,92.5,0,81
1396323300,03-31-2014 23:35:00 GMT-04:00,6.99E-04,67,92.7,0,81
1396323360,03-31-2014 23:36:00 GMT-04:00,7.55E-04,69,92.8,0,81
1396323420,03-31-2014 23:37:00 GMT-04:00,7.66E-04,68,92.8,0,81
1396323480,03-31-2014 23:38:00 GMT-04:00,7.49E-04,67,92.8,0,81
1396323540,03-31-2014 23:39:00 GMT-04:00,6.96E-04,67,92.8,0,81
1396323600,03-31-2014 23:40:00 GMT-04:00,6.97E-04,68,92.8,0,81
1396323660,03-31-2014 23:41:00 GMT-04:00,7.69E-04,68,92.8,0,81
1396323720,03-31-2014 23:42:00 GMT-04:00,7.83E-04,69,92.5,0,81
1396323780,03-31-2014 23:43:00 GMT-04:00,7.41E-04,68,92.5,0,81
1396323840,03-31-2014 23:44:00 GMT-04:00,7.00E-04,67,92.4,0,81
1396323900,03-31-2014 23:45:00 GMT-04:00,6.80E-04,68,92.3,0,81
1396323960,03-31-2014 23:46:00 GMT-04:00,6.83E-04,68,92.3,0,81
1396324020,03-31-2014 23:47:00 GMT-04:00,6.72E-04,69,92.3,0,81
1396324080,03-31-2014 23:48:00 GMT-04:00,7.52E-04,66,92.3,0,81
1396324140,03-31-2014 23:49:00 GMT-04:00,7.59E-04,61,92.3,0,81
1396324200,03-31-2014 23:50:00 GMT-04:00,7.37E-04,67,92.3,0,81
1396324260,03-31-2014 23:51:00 GMT-04:00,7.55E-04,69,92.3,0,81
1396324320,03-31-2014 23:52:00 GMT-04:00,7.43E-04,68,92.4,0,81
1396324380,03-31-2014 23:53:00 GMT-04:00,7.48E-04,68,92.5,0,81
1396324440,03-31-2014 23:54:00 GMT-04:00,7.88E-04,68,92.5,0,81
1396324500,03-31-2014 23:55:00 GMT-04:00,5.52E-04,65,92.3,0,81
1396324560,03-31-2014 23:56:00 GMT-04:00,7.27E-04,70,92.5,0,81
1396324620,03-31-2014 23:57:00 GMT-04:00,6.09E-04,66,92.6,0,81
1396324680,03-31-2014 23:58:00 GMT-04:00,6.37E-04,67,92.5,0,81
